-- --------------------------------------------------------
-- Host:                         127.0.0.1
-- Server version:               10.1.21-MariaDB - mariadb.org binary distribution
-- Server OS:                    Win64
-- HeidiSQL Version:             9.4.0.5125
-- --------------------------------------------------------

/*!40101 SET @OLD_CHARACTER_SET_CLIENT=@@CHARACTER_SET_CLIENT */;
/*!40101 SET NAMES utf8 */;
/*!50503 SET NAMES utf8mb4 */;
/*!40014 SET @OLD_FOREIGN_KEY_CHECKS=@@FOREIGN_KEY_CHECKS, FOREIGN_KEY_CHECKS=0 */;
/*!40101 SET @OLD_SQL_MODE=@@SQL_MODE, SQL_MODE='NO_AUTO_VALUE_ON_ZERO' */;

-- Dumping structure for table amd_sample.amd_postcode_area_boundaries
CREATE TABLE IF NOT EXISTS `amd_postcode_area_boundaries` (
  `PostArea` varchar(5) DEFAULT NULL,
  `Postcode_Count` double DEFAULT NULL,
  `AREA_KM` double DEFAULT NULL,
  `AREA_MI` double DEFAULT NULL,
  `X_Coord` double DEFAULT NULL,
  `Y_Coord` double DEFAULT NULL,
  `Longitude` double DEFAULT NULL,
  `Latitude` double DEFAULT NULL,
  `geom` geometry NOT NULL,
  SPATIAL KEY `AMD_POSTCODE_AREA_BOUNDA_geom_1488214164946` (`geom`)
) ENGINE=MyISAM DEFAULT CHARSET=utf8;

-- Dumping data for table amd_sample.amd_postcode_area_boundaries: 4 rows
/*!40000 ALTER TABLE `amd_postcode_area_boundaries` DISABLE KEYS */;
INSERT INTO `amd_postcode_area_boundaries` (`PostArea`, `Postcode_Count`, `AREA_KM`, `AREA_MI`, `X_Coord`, `Y_Coord`, `Longitude`, `Latitude`, `geom`) VALUES
	('GU', 261, 1641.901694994, 633.94178855167, 489256.52677679, 148372.77946429, -0.72149533928571, 51.2269655625, _binary 0x0000000001060000000200000001030000000100000005000000A7A8A447EFFAE9BFE0B174EBC3AD494007885C00E9C4EABFE0B174EBC3AD4940D69F024A3761EABF159EB3EB4FAE49404DFE1193CA43EABF62B200ECD0AD4940A7A8A447EFFAE9BFE0B174EBC3AD494001030000000100000008000000ACBC2518037FE9BFE0B174EBC3AD49406CA902196E6DE9BFADC1FCDBCFAD4940CA4F7FD2574CE9BFE7A78C6C09AE4940800B062319AFE8BF1BCDCCC445AE494080DD0A1E5E96E8BFA547B2DA48AE49400014FE120B25E8BF914311FF54AE49400014FE120B25E8BFE0B174EBC3AD4940ACBC2518037FE9BFE0B174EBC3AD4940),
	('OX', 249, 2378.8922585098, 918.49543595055, 449097.38220952, 211840.72922857, -1.2879517142857, 51.802506647619, _binary 0x0000000001030000000100000007000000000A7F89C59EF2BF0523E4285EC44940000A7F89C59EF2BF8215B66089C54940790EDDA45E49F2BF8215B66089C549403499092DD34FF2BF6B65A32F09C54940B0E21CB5C76FF2BF8A9D342BEEC449405763A3572E9BF2BF9BDA12DC56C44940000A7F89C59EF2BF0523E4285EC44940),
	('RG', 137, 1948.4627946495, 752.30569085381, 467130.90027907, 168019.97382171, -1.0346871860465, 51.406576472868, _binary 0x0000000001030000000100000021000000000A7F89C59EF2BF0523E4285EC449405763A3572E9BF2BF9BDA12DC56C44940B0E21CB5C76FF2BF8A9D342BEEC449403499092DD34FF2BF6B65A32F09C54940790EDDA45E49F2BF8215B66089C54940E336D093F5F4EABF8215B66089C54940AA6CF27487E1EABF4441B3A152C54940C1FAC4053262EABF839B941862C3494034B005F2BC25EABF4587BF0CABC249404E3220B4DDF1E9BF0F01362856C2494095918E6B11DCE9BFE8F64DE506C2494080BC2945B6ECE9BF5C5CB54F76C14940BC5639A233F0E9BF40455325EDC049409002087047DDE9BF7F245B2386C049402A38597C13DAE9BFC05FF8EE1BC049406D929A7C9DB6E9BFA7589EEA5DBF4940D975774C876DE9BF60150D5757BE494031A23B40C03EE9BF1917688142BD4940D5B8B062E0E7E8BFECDE673F76BC49407383D76CE395E8BF4508519C20BC49400014FE120B25E8BF5C5B8CDE89BB49400014FE120B25E8BF914311FF54AE494080DD0A1E5E96E8BFA547B2DA48AE4940800B062319AFE8BF1BCDCCC445AE4940CA4F7FD2574CE9BFE7A78C6C09AE49406CA902196E6DE9BFADC1FCDBCFAD4940ACBC2518037FE9BFE0B174EBC3AD4940A7A8A447EFFAE9BFE0B174EBC3AD49404DFE1193CA43EABF62B200ECD0AD4940D69F024A3761EABF159EB3EB4FAE494007885C00E9C4EABFE0B174EBC3AD4940000A7F89C59EF2BFE0B174EBC3AD4940000A7F89C59EF2BF0523E4285EC44940),
	('SL', 225, 398.76542638358, 153.9641918788, 494199.91216327, 180623.84689796, -0.64226710204082, 51.516165040816, _binary 0x0000000001030000000100000012000000E336D093F5F4EABF8215B66089C549400014FE120B25E8BF8215B66089C549400014FE120B25E8BF5C5B8CDE89BB49407383D76CE395E8BF4508519C20BC4940D5B8B062E0E7E8BFECDE673F76BC494031A23B40C03EE9BF1917688142BD4940D975774C876DE9BF60150D5757BE49406D929A7C9DB6E9BFA7589EEA5DBF49402A38597C13DAE9BFC05FF8EE1BC049409002087047DDE9BF7F245B2386C04940BC5639A233F0E9BF40455325EDC0494080BC2945B6ECE9BF5C5CB54F76C1494095918E6B11DCE9BFE8F64DE506C249404E3220B4DDF1E9BF0F01362856C2494034B005F2BC25EABF4587BF0CABC24940C1FAC4053262EABF839B941862C34940AA6CF27487E1EABF4441B3A152C54940E336D093F5F4EABF8215B66089C54940);
/*!40000 ALTER TABLE `amd_postcode_area_boundaries` ENABLE KEYS */;

-- Dumping structure for table amd_sample.amd_postcode_area_centroids
CREATE TABLE IF NOT EXISTS `amd_postcode_area_centroids` (
  `PostArea` varchar(5) DEFAULT NULL,
  `Postcode_Count` double DEFAULT NULL,
  `AREA_KM` double DEFAULT NULL,
  `AREA_MI` double DEFAULT NULL,
  `X_Coord` double DEFAULT NULL,
  `Y_Coord` double DEFAULT NULL,
  `Longitude` double DEFAULT NULL,
  `Latitude` double DEFAULT NULL,
  `geom` geometry NOT NULL,
  SPATIAL KEY `AMD_POSTCODE_AREA_CENTRO_geom_1488214164812` (`geom`)
) ENGINE=MyISAM DEFAULT CHARSET=utf8;

-- Dumping data for table amd_sample.amd_postcode_area_centroids: 1 rows
/*!40000 ALTER TABLE `amd_postcode_area_centroids` DISABLE KEYS */;
INSERT INTO `amd_postcode_area_centroids` (`PostArea`, `Postcode_Count`, `AREA_KM`, `AREA_MI`, `X_Coord`, `Y_Coord`, `Longitude`, `Latitude`, `geom`) VALUES
	('RG', 137, 1948.4627946495, 752.30569085381, 467130.90027907, 168019.97382171, -1.0346871860465, 51.406576472868, _binary 0x00000000010100000007A3055F7B94F0BFED8722CA20B44940);
/*!40000 ALTER TABLE `amd_postcode_area_centroids` ENABLE KEYS */;

-- Dumping structure for table amd_sample.amd_postcode_disrict_boundaries
CREATE TABLE IF NOT EXISTS `amd_postcode_disrict_boundaries` (
  `PostDist` varchar(5) DEFAULT NULL,
  `Structurred_Dist` varchar(5) DEFAULT NULL,
  `PostArea` varchar(5) DEFAULT NULL,
  `Postcode_Count` double DEFAULT NULL,
  `AREA_KM` double DEFAULT NULL,
  `AREA_MI` double DEFAULT NULL,
  `X_Coord` double DEFAULT NULL,
  `Y_Coord` double DEFAULT NULL,
  `Longitude` double DEFAULT NULL,
  `Latitude` double DEFAULT NULL,
  `geom` geometry NOT NULL,
  SPATIAL KEY `AMD_POSTCODE_DISRICT_BOU_geom_1488214164841` (`geom`)
) ENGINE=MyISAM DEFAULT CHARSET=utf8;

-- Dumping data for table amd_sample.amd_postcode_disrict_boundaries: 22 rows
/*!40000 ALTER TABLE `amd_postcode_disrict_boundaries` DISABLE KEYS */;
INSERT INTO `amd_postcode_disrict_boundaries` (`PostDist`, `Structurred_Dist`, `PostArea`, `Postcode_Count`, `AREA_KM`, `AREA_MI`, `X_Coord`, `Y_Coord`, `Longitude`, `Latitude`, `geom`) VALUES
	('GU15', 'GU15', 'GU', 932, 19.465269441778, 7.5155825480808, 488119.9995, 160672.9995, -0.7348345, 51.33780625, _binary 0x000000000103000000010000000900000012EB6256F8A6E8BFE0B174EBC3AD49400014FE120B25E8BFE0B174EBC3AD49400014FE120B25E8BF914311FF54AE494080DD0A1E5E96E8BFA547B2DA48AE4940800B062319AFE8BF1BCDCCC445AE49401D5C0E6AF5C1E8BFCD2CFB3DFAAD4940BAFF81D76DBCE8BFC707AAF2D6AD4940C5BA1B4022A7E8BF332D3042C5AD494012EB6256F8A6E8BFE0B174EBC3AD4940),
	('GU47', 'GU47', 'GU', 420, 8.3898034376335, 3.23932121701709, 484071.834333333, 161563.998333333, -0.792730666666667, 51.3464293333333, _binary 0x0000000001060000000200000001030000000100000005000000A7A8A447EFFAE9BFE0B174EBC3AD49404DFE1193CA43EABF62B200ECD0AD4940D69F024A3761EABF159EB3EB4FAE494007885C00E9C4EABFE0B174EBC3AD4940A7A8A447EFFAE9BFE0B174EBC3AD494001030000000100000009000000ACBC2518037FE9BFE0B174EBC3AD494012EB6256F8A6E8BFE0B174EBC3AD4940C5BA1B4022A7E8BF332D3042C5AD4940BAFF81D76DBCE8BFC707AAF2D6AD49401D5C0E6AF5C1E8BFCD2CFB3DFAAD4940800B062319AFE8BF1BCDCCC445AE4940CA4F7FD2574CE9BFE7A78C6C09AE49406CA902196E6DE9BFADC1FCDBCFAD4940ACBC2518037FE9BFE0B174EBC3AD4940),
	('OX10', 'OX10', 'OX', 962, 122.607666281738, 47.3390846052301, 460638.0878, 190493.8996, -1.1242158, 51.6095338, _binary 0x0000000001030000000100000007000000000A7F89C59EF2BF0523E4285EC449405763A3572E9BF2BF9BDA12DC56C44940B0E21CB5C76FF2BF8A9D342BEEC449403499092DD34FF2BF6B65A32F09C54940790EDDA45E49F2BF8215B66089C54940000A7F89C59EF2BF8215B66089C54940000A7F89C59EF2BF0523E4285EC44940),
	('RG1', 'RG 1', 'RG', 1204, 7.08833742814569, 2.73682238148423, 471794.312375, 173240.936625, -0.966638125, 51.45310375, _binary 0x000000000103000000010000003400000005359B597EFFEDBF08D323B82DB949401AE1A00A440EEEBF443B7ECC78B94940830EA303FB22EEBFB4722D3A6AB94940D869F3ADB337EEBF2AB0C00BD5B949405CC808FBCF57EEBFEC62569CF6B94940366BBAF5CD20EEBFCFF0C285D9B949400D764965A51DEEBFD8CA793B3BBA49405C83A33A3D04EEBF65AF0B3745BA4940F399D6326A17EEBF9650C4AD89BA494010290E1FBC22EEBFE403927F89BA49401BCE3E310C30EEBF37E47311DDBA4940FF30318DF327EEBF31AEAC9FEABA494068D7FB378863EEBF858B847AD0BA4940A44B7529EA92EEBF765876D011BB4940DF62CFA08BA1EEBFDE8EF6E524BB49406C7ABF900ABFEEBF30D4250937BB4940E8B42E6E02F9EEBF5E414E1901BB4940A065F040C30FEFBF9D8B17092CBB49400523A4258E11EFBFDBF2A9CF51BB4940C611B8670246EFBFE9042A0F95BB4940940C6C8D3A5AEFBFC6AC58AAA0BB49402D834F940F54EFBF9C1908CC7CBB4940F859B5518396EFBF579D8CEC5CBB49409D2F8562DBA2EFBFCC8B7C1B39BB4940B563210369A5EFBF23F5CD1DEBBA49408351FDA13D95EFBF010C5ACCEDBA4940A8E2FEC391B7EFBF0F2045742ABA49401D4CFB8586BDEFBF78992D3BDFB94940186E9B5ADACDEFBF4C91A2D553B9494027FD0A333DE3EFBF58FFEF4289B84940E1D1BADDEEDDEFBF6371EE1F1EB849404ACAA4919AC3EFBFA16581A626B8494021803526F39EEFBF3F89153A91B84940383F69628A6BEFBF73D008ACA9B849400BECC1BD4C37EFBF08727B3A17B949401FF639AF8A36EFBF5ED375784AB94940FDC03FDBE62AEFBFE008810D45B9494010B688AE3627EFBF67AE3E0860B9494081360CA9E01AEFBF40B9128758B94940FFDAD187231BEFBF8AFEF9FB29B9494030D6C515680EEFBFD80FFE3415B949405CD297D97DECEEBFD31C50EC23B9494033207519C5E7EEBF76F3334F10B949401CB192B29DE3EEBF73F2D5172AB9494012BD52D5D7E0EEBFEABF3F83E1B84940A9227363ACBCEEBF532C3417F3B849403E9CE217C48CEEBF2E6CF432A9B84940E51F4D206169EEBFE018DEBCFFB84940BB82A9C3D54FEEBF1E9D22AEECB8494091E4FE6ADC36EEBF5CC5DDE02FB94940D9E0A11DB00FEEBFCE46BE64FDB8494005359B597EFFEDBF08D323B82DB94940),
	('RG10', 'RG10', 'RG', 668, 62.768419358316, 24.2350222025434, 479504.006, 177043.832333333, -0.854839, 51.4862626666667, _binary 0x000000000103000000010000004A0000007383D76CE395E8BF4508519C20BC4940D5B8B062E0E7E8BFECDE673F76BC494031A23B40C03EE9BF1917688142BD4940D975774C876DE9BF60150D5757BE49406D929A7C9DB6E9BFA7589EEA5DBF49402A38597C13DAE9BFC05FF8EE1BC049409002087047DDE9BF7F245B2386C04940BC5639A233F0E9BF40455325EDC0494080BC2945B6ECE9BF5C5CB54F76C1494095918E6B11DCE9BFE8F64DE506C249404E3220B4DDF1E9BF0F01362856C2494034B005F2BC25EABF4587BF0CABC24940C1FAC4053262EABF839B941862C34940AA6CF27487E1EABF4441B3A152C549408A388863C3DCEABFC946DABC8CC449400290601948F3EABF3CA20AAE48C449404CCA651A8AFBEABF2FFC022B82C44940C69115EE9CF2EABFEC17D6B2C4C44940D5D66D799422EBBF9AC7BB9CD5C44940C8221860E55BEBBF99093739BEC449401A50D0B527C3EBBFF8E30122CDC449403CE29A8CF6C7EBBFE7BCD2714DC4494007F322385CF7EBBF83465A64AEC3494038995E096C1BECBF430C661FE7C2494077BC9A3F4B1DECBF39A7800A50C249409F0D0E48B32AECBF92E75C3432C249400C2D0EEA412FECBF38431C3EC6C14940D36D564C4A29ECBF0CB2A49170C1494099F207A0D0FCEBBFF6426C2B32C14940BBB771CAE2DAEBBFD11E95D4DAC04940F54913A248DFEBBFA2E401B0AFC04940C957DE03B4D6EBBF52774FBF83C049405237D981D2DFEBBFE3FEED7D58C04940F66B97D98346ECBF4C7304131DC04940901C0ABC3381ECBFE2E0B371CABF4940A3E3CD37D695ECBFB896DBF192BF494054CE420EA1B4ECBF57409FD8A7BF49406842C4706ACAECBF59A268A1D6BF4940CA20B0986307EDBF5A977D2D67BF4940EE886F4BEB4BEDBFE867C5E344BF4940E931C0F3556BEDBF7390094FF0BE494038FD269D776EEDBF87D08AB5A9BE49407F1DB70D38A4EDBF972EDAE011BE494085A17F0E9E99EDBF127FF918FBBD4940049483948989EDBFD80EE6B360BD4940E4FBE63EBB3DEDBF07C81E91E1BC4940A697F6E9BC2DEDBF9640081701BD4940E5614D81E0D4ECBF95342D16A5BC4940293EA91996BBECBFDE68FAB7C0BC4940B76887F7AC85ECBFA02FCDA1C1BC49405C7086124A64ECBFC815097E61BC4940EE753EEA914BECBF651C06A26CBC4940F330FA316E3EECBFDC60A2C84DBC49400A37D7ED7B2BECBFF34FA54620BC494008366E85EC60ECBF6967123FBDBB49406395B0F25D3CECBF73DC4B96A9BB494006818891CA29ECBF623FABB03FBB4940254700650A07ECBF9A3AAC7E26BB4940105219B4B000ECBF3E5D89FDD6BA4940DF95904FD20DECBFA8E66B92FCB949409BA56990BEF8EBBFD82C8413E5B949402260440ED5E2EBBFD7953BDB95B949408C372AD055E1EBBF925576220AB94940A02A3789BD06ECBF4E04A31844B849407C292CCC5EFAEBBF588339BA1CB84940EDA3E4061E5AEBBFFDFEED3A34B749401BAE1F737039EBBF8D30842885B749408446A4D61AA3EABF99F20D805CB84940601424057D46EABFAB6E1CBE21B949401327CEBF62C8E9BF92CDC5D2E3B94940AE0CBC3F227EE9BF5353D2A981BA49404E723D067E04E9BF5E0D9CE74FBB494061B24080C3BBE8BF361FC8AF0CBC49407383D76CE395E8BF4508519C20BC4940),
	('RG12', 'RG12', 'RG', 1176, 26.4397355273434, 10.2084389583988, 487274.167333333, 168005.332166667, -0.745174, 51.4038573333333, _binary 0x00000000010300000001000000200000000014FE120B25E8BF914311FF54AE49400014FE120B25E8BF6730171EA6B549400CDE0CB78A37E8BF7DF66A88ADB549407454890D562EE8BF0B3EA98C6AB5494002B6A0CD5E61E8BFD700AFE189B5494088F784D9D56CE8BF2D21B86861B54940A88C89BA636FE8BFF446C27F78B549402053F86A9886E8BFD08738E378B54940EBC046163BC3E8BFC760C3CCC4B54940E6513580CBD2E8BFBA5A83B26AB5494030D54C8DB9E6E8BF2EA7810E8BB549404B96CE1E51FAE8BF1D1CBB0174B54940DA947C8867FCE8BFBA72187355B549402985BFD72F18E9BF9E01BDB146B5494055EF0169BB13E9BF703585409CB54940484874C1EF21E9BF7BC13197B5B549401EC7B9CCA333E9BF11ADE75D8DB5494078A54835654CE9BF4827DAE51FB5494030B5B0FD6A4DE9BF121727E9EFB449400C9EF4ACEE49E9BF44698711B3B4494088B9308EF72AE9BF99F9754434B4494087637B8E172FE9BF0C1B3D36B7B34940DE6B7ECDE610E9BFC4706BF8F9B249405395177FFBC6E8BF72D17EBE82B14940AFC64233E1B2E8BF940D270C90B1494004393BA0ACC3E8BFB109F187F7B04940928B9E417BBBE8BF5F38CAFCA9B04940CE835C96127FE8BF9B93262195AF4940B378C9E50482E8BF82E4806808AF4940D37ABA0AE397E8BFD87509237FAE494080DD0A1E5E96E8BFA547B2DA48AE49400014FE120B25E8BF914311FF54AE4940),
	('RG2', 'RG 2', 'RG', 1149, 26.7852102752062, 10.3418275042704, 472470.9982, 169658.2998, -0.9576376, 51.4208044, _binary 0x0000000001030000000100000060000000644A6F6D203FECBF9D553A0167B349401FE0CCA57440ECBF3C1CC68CD5B34940BA0A219879A2ECBFEE8C56E26CB449402B0174309EAEECBF2124AEE9A5B44940DC51D8651BA5ECBF4A5F4F1C16B54940A080182AE6D9ECBFFA7DE0A3FFB44940273148BCF802EDBFB219692655B549401D82A24E4B13EDBFD97555025EB54940263996BF861BEDBF037481A3AFB54940BE0576A47C0BEDBFFE8F3C0FDAB54940C9527A79C74CEDBFFC281143C2B54940255298888CA2EDBF0E287E36D6B549401E5C821D9FD8EDBFE3E1CAADC2B549402CEE9F66E809EEBF8C6692F792B5494017A9068F7162EEBF390B70250DB549404B4F6B6B065BEEBF8F6DD0CA5EB54940E4C7AC323D4DEEBFD0616ACE73B549406EB183324252EEBF1C690C4690B549407DDA76721443EEBF376132F107B6494074CB31E44F31EEBFE302605941B649402CA5671F0417EEBFD639877159B649401739D47CAB12EEBF051E168E6BB649409CB62C686023EEBF8C2F09A798B64940D4DD3F427F25EEBF35BBB658EAB64940FFF9E4041B3CEEBF15A62C39EDB6494025EAE37DDB3FEEBF806FE1ED04B74940827BF5C4F035EEBFCA5A6A1B08B749408D50B71C9834EEBFDDCA9A3A25B7494076F9B573FE3FEEBF29F459A62AB74940BB8B21976935EEBFD5576FC43AB74940EA0BC856BE2FEEBF678E431ECCB74940B13E9E7DB03BEEBF788D7B3EE7B749403E9CE217C48CEEBF2E6CF432A9B84940A9227363ACBCEEBF532C3417F3B8494012BD52D5D7E0EEBFEABF3F83E1B849401CB192B29DE3EEBF73F2D5172AB9494033207519C5E7EEBF76F3334F10B949405CD297D97DECEEBFD31C50EC23B9494030D6C515680EEFBFD80FFE3415B94940FFDAD187231BEFBF8AFEF9FB29B9494081360CA9E01AEFBF40B9128758B9494010B688AE3627EFBF67AE3E0860B94940FDC03FDBE62AEFBFE008810D45B949401FF639AF8A36EFBF5ED375784AB949400BECC1BD4C37EFBF08727B3A17B94940383F69628A6BEFBF73D008ACA9B84940C0D467128244EFBFCAF622626DB84940F31E0301A34BEFBF4E18CBFAA4B74940B8CA2A153D74EFBF0651BACC84B74940C9822EE00389EFBF560F29AA93B74940B5DE2868F49FEFBFF365DD66B0B649409D0E84E68FD9EFBFA9E2ACA35CB64940EED0ECF3B0E0EFBFC5C3112911B64940A7F14D2243E8EFBF477385860BB64940961E4315BEDCEFBF43C851ADB0B54940FB96867B0D8DEFBFFD6EE84464B5494032A7EDFEBE1BEFBFC16A6D4BCDB44940BBE62F3567EAEEBF4AF4DC0CB6B449408697ECBA81B0EEBFBA7597ABC0B44940B2432647D693EEBFDBF0F868DDB4494038EEF9E2E5B0EEBF725A1DBD7BB44940FA63862630CFEEBF6C2C84D84EB4494028D75B657CC8EEBF05D830E9CFB3494058F90599B6ACEEBF426F85CE8DB34940508CF862E1AEEEBFBCD61DE8B5B249409A488C4787C8EEBF33FEDAC3B9B24940F06D0692EBC0EEBF0A6B5C5E73B249403D9A558CB5B6EEBF324FFDC758B2494097AAF12A4BA5EEBFE785089C6BB24940A0ED97849490EEBF69123C3117B249409276AB23ED53EEBFC5B5B51EC8B14940760AFFE49F2EEEBFBF1CA4CD72B14940C4AD600754F5EDBFE32E4F9C2FB1494013CC32A330B4EDBF706AAD715EB1494066880CF49D8AEDBF5144D67BB1B14940A952EB5B7A83EDBF49C114EF31B14940CFE377F02E6FEDBFFECDACC44DB149404B99B6E2AA0FEDBFED3ADD5019B14940904E0CE4240DEDBF1573DD0EBFB04940CD4E34F6B8F3ECBFA38FB9F447B04940E5C81B0C92EFECBF62CD4377AFAF4940CA290AB0C1DBECBF04C00A8A2CB04940157159D3B0C3ECBFC2D1CA9570B0494095AABD01615CECBF2137E75719B149402BC19739166EECBF460881844BB14940275BBBB383A7ECBFA76FD25976B1494012C4193741BAECBF04FEC8D399B149402ADABE7DF6B9ECBF44CC616ECAB14940BC24FAE910C6ECBF9105EF9CF5B14940D824FAA605AFECBFEF16622652B2494030563C8D53A0ECBFDAD0525A4EB249408224C53CDB79ECBFE5DE2D6983B249402F6158B9ACB2ECBF5639D012A0B24940A0CB59C9FD9CECBF1D0FB19D04B34940695DE9A9915DECBFAFFCEE3623B34940644A6F6D203FECBF9D553A0167B34940),
	('RG26', 'RG26', 'RG', 614, 91.1605487646653, 35.197284651951, 459682.501, 160088.834, -1.14315633333333, 51.3362516666667, _binary 0x0000000001060000000200000001030000000100000007000000461E5EBADEC7F1BFE0B174EBC3AD4940C52ECD78DCDAF1BF4210531777AE49401263CE817D04F2BF74E3AD4A37AE49409C6904409C15F2BFB95F185605AE49405D40C6BE6F19F2BFA50BE596D2AD49403FBE2E52E633F2BFE0B174EBC3AD4940461E5EBADEC7F1BFE0B174EBC3AD49400103000000010000000E000000000A7F89C59EF2BF57BA90E706AE4940000A7F89C59EF2BFE0B174EBC3AD4940DEA19FDF944FF2BFE0B174EBC3AD49406AFC78A39757F2BF219C5411F6AD4940EDEAF7B3694EF2BFAA15DD5710AE49402E165D2CA351F2BF850214A147AE49401A36B54CA35BF2BF91AE4B942EAE4940055BE5234C61F2BF13F961485CAE49407EB8AE7C8466F2BF536316BB49AE494013783AE78A6AF2BFDF90A20872AE4940554A654D9C87F2BF2F23F89C3CAE49407BCD1645C68FF2BF9C8371505CAE494020170323BF9AF2BF10C35EE501AE4940000A7F89C59EF2BF57BA90E706AE4940),
	('RG27', 'RG27', 'RG', 776, 121.83010541749, 47.0388666771461, 473706.914666667, 156416.500333333, -0.9426, 51.3015846666667, _binary 0x0000000001060000000200000001030000000100000009000000FF0807D3FE94EFBFE0B174EBC3AD4940717837F30D15EFBFE0B174EBC3AD4940A49D1139DF10EFBF2A995FECEFAD4940DD0815679134EFBFAC9812E211AE49403B2B4D8C537CEFBF30DBE66114AE49403520794EC09CEFBF760734AC32AE49403430F0FF4C93EFBFA608E6B10EAE4940D27895131F94EFBF1482BB5FCFAD4940FF0807D3FE94EFBFE0B174EBC3AD49400103000000010000001200000093BC8F635872ECBFE0B174EBC3AD4940984E1A728D76ECBF05B601DECDAD49401BEA8B4A268FECBF28E882BCCCAD49401BA5C3B5D4CEECBF431375E329AE49401C1AF02A8DEFECBFE1672BE93BAE4940CBF8F9650A04EDBFA53B7F6688AE494097C322586D32EDBFF08B79F997AE49402C098330823DEDBF0CE56B8E94AE4940808E8E978F3DEDBF24CD91AE77AE49402CB5E1611D63EDBF317018A774AE4940FB251EEF715EEDBF84879766AAAE4940505009B5F391EDBF309C2633D8AE4940D3546D3115C4EDBF70622D9BAFAE494051B876324FFCEDBFD5D92620B3AE4940977861A2B611EEBF939038C263AE494037FDB0CF1610EEBF84B8819422AE4940F9E307FF6A1CEEBFE0B174EBC3AD494093BC8F635872ECBFE0B174EBC3AD4940),
	('RG30', 'RG30', 'RG', 976, 25.0256441611397, 9.66245522953136, 468500.0996, 172945.3008, -1.0141014, 51.4508538, _binary 0x000000000103000000010000005E000000C0D467128244EFBFCAF622626DB84940383F69628A6BEFBF73D008ACA9B8494021803526F39EEFBF3F89153A91B849404ACAA4919AC3EFBFA16581A626B84940E1D1BADDEEDDEFBF6371EE1F1EB8494027FD0A333DE3EFBF58FFEF4289B84940186E9B5ADACDEFBF4C91A2D553B949401D4CFB8586BDEFBF78992D3BDFB94940A8E2FEC391B7EFBF0F2045742ABA49408351FDA13D95EFBF010C5ACCEDBA4940B563210369A5EFBF23F5CD1DEBBA49409D2F8562DBA2EFBFCC8B7C1B39BB4940F859B5518396EFBF579D8CEC5CBB49402D834F940F54EFBF9C1908CC7CBB4940940C6C8D3A5AEFBFC6AC58AAA0BB4940C69D920DF7B6EFBF78B200B2C3BB49404CA1F02FC105F0BF6C4F32EB1CBC4940D09280E6B41DF0BFCC93D56F03BC4940E89892CD0137F0BFFC2610CAC0BB4940AFCD98974349F0BF63B3B561C9BB49403EA0DE35056DF0BF2B362C245CBC49407B26B73CB380F0BF94001A96C6BB4940B75D6B8AF27DF0BFE3386FBE7CBB4940F85C3A89CA89F0BF7615BAB33CBB4940E73325260E89F0BFC2423BC51ABB49401066CE82D08EF0BF21A284ED21BB49408DE873FF8E94F0BF9E1F973002BB4940553442121D96F0BF17D62ABFF9BA4940724E875B9993F0BF1F4B8FEBF1BA494014161320A6A1F0BF155D2BA59CBA4940939219F4D4A4F0BF2F9DE1EAA7BA49403F61CFE67DADF0BF3B98B5C666BA4940E22A573CD0B7F0BF3BAF02684EBA49400F1FB870C9B9F0BFB388524216BA494029F72CF515BEF0BF9F125BDEA6B9494028A945472DADF0BF833265EF5FB94940049FA2153792F0BF74B099C17FB9494021CE2040C66BF0BF0FC27720E8B84940D9A8FDC2DC69F0BF56373A86C5B8494014C2CF016D62F0BFF5B97C73C9B849403E538BCC0D66F0BF70231ED390B84940F5AEAAF7A464F0BF31DEF8E1DDB7494079A74FE2BF7CF0BF2F261724C6B7494077F9E4FF29A9F0BF7F04D97626B849404290454E25C2F0BF51259053E4B7494045964C3AD7C7F0BFC9F219FBBEB749406B04817357E0F0BFCAE2222396B749405844652ECCA1F0BF4C45EFBA91B64940F2CC53F268A8F0BF42DAE07B5FB6494019D0E7AB9EB7F0BFEC4FA7172EB64940775FB772A8FAF0BFF0064CE817B649403DDA4A78A900F1BFBA6B6BC802B64940062266E8A801F1BFD341130BEDB54940CA06E5FBE2FDF0BFF0804846EEB54940AC6D6E42FC01F1BF5A37E3FFC9B54940219B989564F7F0BF43690BD297B54940F965EAEC94FDF0BFDFF45A2C7FB54940E85F9794C7FEF0BF2A61585932B5494056C37CB3920CF1BF165835382EB5494091B4C4F4E610F1BF7AB70E6F0BB5494039EAB4929904F1BFE0AE8D53DAB44940BE3D66A78EFBF0BFEC47758173B44940F5D55B028D02F1BF2312084662B44940A192EE9AE306F1BF4E7F906FDFB34940BD3B0759A3FFF0BFFF2E6B8AB4B3494082A11F27B1F7F0BF85B9402F85B34940BCACAD626DEBF0BF36682F6AD0B349400D452331AFDCF0BFDEB576E9C1B34940596BBA5B47D2F0BF98B4F408D2B349408AC9988F4BC2F0BF3787B9AA1FB449408571FB365FBAF0BFB0A5C20DE8B3494001C9CB0D63A6F0BF4AC437FFACB34940995A58F1C392F0BF31BDD9AEDEB349402689CB1AB179F0BF070E443297B349409980BBC81F70F0BFD5B28640CEB3494044DC37AB3961F0BFC4C89D89E4B34940C036EDB86D51F0BF51F4C5422CB4494004027F29123DF0BFFF348F4C25B4494096BEDB5F9632F0BF0CBD0B7A67B449409AE0CC006130F0BFE4BE97219EB44940C41A6BA31D44F0BF96C8C82377B549409E780C430C2DF0BFBFA95F0259B5494010A0CB4E641EF0BF37FF10AE80B549400EDE40298802F0BF719DAE746AB549407F90D109C6D9EFBF46E5827774B54940961E4315BEDCEFBF43C851ADB0B54940A7F14D2243E8EFBF477385860BB64940EED0ECF3B0E0EFBFC5C3112911B649409D0E84E68FD9EFBFA9E2ACA35CB64940B5DE2868F49FEFBFF365DD66B0B64940C9822EE00389EFBF560F29AA93B74940B8CA2A153D74EFBF0651BACC84B74940F31E0301A34BEFBF4E18CBFAA4B74940C0D467128244EFBFCAF622626DB84940),
	('RG31', 'RG31', 'RG', 610, 8.5461427680191, 3.29968416994413, 466242.84075, 173266.87575, -1.04652475, 51.4540145, _binary 0x000000000103000000010000003200000014C2CF016D62F0BFF5B97C73C9B84940D9A8FDC2DC69F0BF56373A86C5B8494021CE2040C66BF0BF0FC27720E8B84940049FA2153792F0BF74B099C17FB9494028A945472DADF0BF833265EF5FB9494029F72CF515BEF0BF9F125BDEA6B949400F1FB870C9B9F0BFB388524216BA4940E22A573CD0B7F0BF3BAF02684EBA49403F61CFE67DADF0BF3B98B5C666BA4940939219F4D4A4F0BF2F9DE1EAA7BA494014161320A6A1F0BF155D2BA59CBA4940724E875B9993F0BF1F4B8FEBF1BA4940553442121D96F0BF17D62ABFF9BA49408DE873FF8E94F0BF9E1F973002BB49401066CE82D08EF0BF21A284ED21BB4940E73325260E89F0BFC2423BC51ABB4940F85C3A89CA89F0BF7615BAB33CBB4940B75D6B8AF27DF0BFE3386FBE7CBB49407B26B73CB380F0BF94001A96C6BB49403EA0DE35056DF0BF2B362C245CBC4940713B382F7E8FF0BF5075090BD6BC4940DFD978281E93F0BFE3E33A48B5BC4940AA763B68C1BDF0BFC2ECB311FABC4940AD607CF2BBC6F0BFA74CC93266BD494075D1D185B5CEF0BF141FB31978BD49408025F81EC3D5F0BF8B7255A526BD49409B4709604BE5F0BFA35018CA35BD4940F5D5290061EEF0BF74D97D94C2BC49402FC70BBF6DF1F0BF4A2386AD28BC4940FF94A6F885EBF0BFEA61EA32D0BB494093D8EFD04EF5F0BF77D2EEB5D1BB494092B0C06698FCF0BF5E7A4A5D96BB49401FCD9824E5E8F0BF63ED4BFC53BB49400BEFBD66A9E0F0BFA6AEDB2407BB4940BBB951C094FBF0BFF0C5B1FC41BA49405E4AD30CF9FDF0BFA2935DE8F5B94940B780AEC849F3F0BFE577EBCD99B949401BD34D5118FCF0BFD5AED35990B9494065CE15002906F1BFEB30F1C739B9494084EB52D96F09F1BF4A4D3B9FCFB84940EC63C5E8761DF1BF5302D84E8EB8494060D64F49F50CF1BF070F81AF33B849406B04817357E0F0BFCAE2222396B7494045964C3AD7C7F0BFC9F219FBBEB749404290454E25C2F0BF51259053E4B7494077F9E4FF29A9F0BF7F04D97626B8494079A74FE2BF7CF0BF2F261724C6B74940F5AEAAF7A464F0BF31DEF8E1DDB749403E538BCC0D66F0BF70231ED390B8494014C2CF016D62F0BFF5B97C73C9B84940),
	('RG4', 'RG 4', 'RG', 975, 51.2416604492565, 19.7845157067574, 471717.9002, 176723.8994, -0.9670352, 51.4844264, _binary 0x000000000103000000010000005A0000006D1F37B96A24F0BF8215B66089C54940FC0DA0CA175EF0BF8215B66089C5494076A869031264F0BF55A6B5CD52C5494037FCA3413366F0BF3C919EB405C44940ED2F97A05552F0BFA7024AFD8AC3494029D61D469670F0BF478B1AE36CC34940A6095D178F81F0BFC99CDCB2A5C34940AE96E0E0538BF0BFE003C820B2C349404F7B17E12094F0BFB4FC8AD79AC34940ED866D00F173F0BFCC567A2CA9C249401814D3B63681F0BF2461CD686AC249400F42E0508A96F0BF47060AF537C2494087BCEA352C8EF0BFB802BB9C05C24940B8548C067E91F0BF23D3BDD6E9C1494001C12CD6978CF0BF6395446BD3C1494086EBFF07C7B9F0BF7110D310A3C04940CFDADF6AA7C6F0BF73264CF577BF4940E18E96E2BBD4F0BFC59289D1F7BE494075520C3D67AFF0BF96B9A0B297BE49407CF5881406A4F0BFC2D550B651BE4940E9FF43710C9AF0BF2E65EF23FABD4940DC9D77130AA0F0BF95FEA67123BD4940713B382F7E8FF0BF5075090BD6BC49403EA0DE35056DF0BF2B362C245CBC4940AFCD98974349F0BF63B3B561C9BB4940E89892CD0137F0BFFC2610CAC0BB4940D09280E6B41DF0BFCC93D56F03BC49404CA1F02FC105F0BF6C4F32EB1CBC4940C69D920DF7B6EFBF78B200B2C3BB4940940C6C8D3A5AEFBFC6AC58AAA0BB4940C611B8670246EFBFE9042A0F95BB49400523A4258E11EFBFDBF2A9CF51BB4940A065F040C30FEFBF9D8B17092CBB4940E8B42E6E02F9EEBF5E414E1901BB49406C7ABF900ABFEEBF30D4250937BB4940DF62CFA08BA1EEBFDE8EF6E524BB4940A44B7529EA92EEBF765876D011BB494068D7FB378863EEBF858B847AD0BA4940FF30318DF327EEBF31AEAC9FEABA4940B950349953E0EDBFCC67AE971BBB4940784AFF1AACC9EDBFADD44AAD09BB4940C42080AD4D9AEDBF0EE57EDB17BB49402CB70E5AC06CEDBFF2858ABCE1BA4940B36092644255EDBF0204FC2BE6BA494038297F76F74CEDBF4D71E2AD00BB49400083A8F339E0ECBFEE7AC05F52BB4940410E70B128DCECBF9A59BFC134BB49404530554EC7ADECBF19C7C5AFC3BB4940BEF90FDEA784ECBF4868DC29D1BB494008366E85EC60ECBF6967123FBDBB49400A37D7ED7B2BECBFF34FA54620BC4940F330FA316E3EECBFDC60A2C84DBC4940EE753EEA914BECBF651C06A26CBC49405C7086124A64ECBFC815097E61BC4940B76887F7AC85ECBFA02FCDA1C1BC4940293EA91996BBECBFDE68FAB7C0BC4940E5614D81E0D4ECBF95342D16A5BC4940A697F6E9BC2DEDBF9640081701BD4940E4FBE63EBB3DEDBF07C81E91E1BC4940049483948989EDBFD80EE6B360BD494085A17F0E9E99EDBF127FF918FBBD49407F1DB70D38A4EDBF972EDAE011BE494038FD269D776EEDBF87D08AB5A9BE4940E931C0F3556BEDBF7390094FF0BE49405CAB00ADCB91EDBFA696ADD42DBF494073A8487920D2EDBF0C1D5A9E3EBF4940272458085E09EEBF109FDADAA1BF4940DD935E426942EEBF91D00125C3BF4940B7C8B2492F63EEBFCFF14C49F2BF49403B4AE92799D9EEBF15AC403F38C149406742B7ED5BB5EEBF510850DB9FC149406A397136B1F6EEBF2A7445DF67C24940D1BFBF79B6F5EEBF67C726C8ACC2494000B13154783BEFBF9164577A1AC34940EF5D287D484EEFBF08A6A434BFC24940D43E8C8B3F58EFBF0C6445EDCBC2494062B6F5DACF67EFBFA618FB92A5C249403010113828B3EFBFEC33788D38C3494051FDA25A98BDEFBF19843F901AC3494038A4944673D3EFBF1246283059C34940F53A995C44C0EFBF903A92908DC349404127701DF5D6EFBF66BAEA87B5C349409772DFBC17F6EFBFA65B2814BDC34940611C6DDACA0FF0BFCB2D70C821C44940D1985F66DA4FF0BFA98AD18267C44940FC3FED747057F0BF5B80A2689FC4494034BBBAD63557F0BF9BC853D7F4C44940A54E49798E35F0BFF643EFE906C549403434C239F81FF0BF360AEE703DC549406D1F37B96A24F0BF8215B66089C54940),
	('RG40', 'RG40', 'RG', 918, 43.9027880906886, 16.9509612478466, 481428.7998, 167608.2006, -0.829283, 51.4011552, _binary 0x000000000103000000010000005800000093BC8F635872ECBFE0B174EBC3AD49404D6DE04D37C9EABFE0B174EBC3AD49404771002165CFEABF1711BEB223AE4940CAA7E00CBFA5EABFF7430F8FDFAF49404FDA94704172EABFC6AEBEF7FAAF4940F108A79ED376EABF8FFF35075AB04940C4E10A0BFADDE9BF73EFBF1CBFB049400B32C3A773B2E9BF34A385E002B14940AB285F5ECB8BE9BF1133CBCF1BB14940B2E1CFDC0B77E9BF8AE4DD4320B149409A5EE90D286EE9BF2E2C58BAE1B04940C06EB3C61059E9BF30C761B0E4B0494013FCDD727A47E9BFCF08F1920FB14940D3F6CE12BC1FE9BF69F8EA4AD3B04940A0F46F54FAD2E8BF33C9DFE6E5B0494004393BA0ACC3E8BFB109F187F7B04940AFC64233E1B2E8BF940D270C90B149405395177FFBC6E8BF72D17EBE82B14940DE6B7ECDE610E9BFC4706BF8F9B2494087637B8E172FE9BF0C1B3D36B7B3494088B9308EF72AE9BF99F9754434B449400C9EF4ACEE49E9BF44698711B3B4494030B5B0FD6A4DE9BF121727E9EFB4494000C7E2E37D73E9BF4345EB25FEB44940721B6905645AE9BF0F8BAC6B23B549404F984BEDF064E9BFF30C49CB84B54940C412D3A60461E9BF2EEBDA7BF5B54940303DBA42FED3E9BF666F880BADB649402E11F4E0E5C9E9BF59BA12B537B749408090600B34B5E9BF6005E2DD78B74940F1E850D8A6AAE9BF5F339FA4CAB74940BEBB000210A9E9BF806F88A9BDB84940A66D7A7FC9C2E9BF25A2D30D5CB949401327CEBF62C8E9BF92CDC5D2E3B94940601424057D46EABFAB6E1CBE21B949408446A4D61AA3EABF99F20D805CB849401BAE1F737039EBBF8D30842885B74940EDA3E4061E5AEBBFFDFEED3A34B74940962BB16CDBDDEABFC551635EBAB649402336AAD7F1E8EABFE65C0B1BD9B54940DC4D649690D7EABF36DF0FEF4DB54940FE5EDB543AE2EABF96C407CAF9B449408D872DD033E2EABFA7174A7ED8B4494016B8933025D7EABF3EF4126EC3B44940E1383EFCD1DDEABF19EE6506B7B44940426718E248E1EABF8FA26E10C2B44940AD3C4128F1E9EABF2FAC901EA6B449402A27EC831DFBEABF7D03C309AAB449401C0D095CE6DDEABF6B8DD3FE02B44940C72429AB6AD9EABF034DF54ECCB34940807E59523AE1EABFE5DF60728EB349405AA5F15913B8EABF86D455494CB34940DAD1EF601AC3EABFA16C2AD8ABB249407146B86A14D9EABF13BF822CC5B249403F55DD9EB0DDEABFB67E22F40CB349401286796BCEF3EABF032BD30B23B3494082DFB79CF100EBBF8106EAA818B349409261E462F9EEEABF434E9F30D9B249402A0CF5410FEEEABF3275C6C09CB2494014C51914F409EBBFFC71D097B1B24940B648E754DF1BEBBF3AD9363176B249405ECCB0AD2359EBBFDCB88F7937B249405512F7BFB796EBBF1FA34AAE70B249404F9B1570BDB0EBBF15DF14ACA9B24940D667651A34CEEBBF8BD14B82A5B24940D84E426366E3EBBF788EC1E5DEB24940026D0A85CA2BECBFFA5920B1A9B24940079D753AC84CECBF63A671AEB9B249408224C53CDB79ECBFE5DE2D6983B2494030563C8D53A0ECBFDAD0525A4EB24940D824FAA605AFECBFEF16622652B24940BC24FAE910C6ECBF9105EF9CF5B149402ADABE7DF6B9ECBF44CC616ECAB1494012C4193741BAECBF04FEC8D399B14940275BBBB383A7ECBFA76FD25976B149402BC19739166EECBF460881844BB1494095AABD01615CECBF2137E75719B14940157159D3B0C3ECBFC2D1CA9570B04940CA290AB0C1DBECBF04C00A8A2CB04940E5C81B0C92EFECBF62CD4377AFAF4940721C4E6A1EC3ECBF76D7FD0583AE4940AF28844EC4D5ECBFA3D7A9F665AE4940CBF8F9650A04EDBFA53B7F6688AE49401C1AF02A8DEFECBFE1672BE93BAE49401BA5C3B5D4CEECBF431375E329AE49401BEA8B4A268FECBF28E882BCCCAD4940984E1A728D76ECBF05B601DECDAD494093BC8F635872ECBFE0B174EBC3AD4940),
	('RG41', 'RG41', 'RG', 700, 17.7072375300325, 6.83680263216934, 479207.9, 168911.2006, -0.8609226, 51.4131868, _binary 0x000000000103000000010000003B0000005AA5F15913B8EABF86D455494CB34940807E59523AE1EABFE5DF60728EB34940C72429AB6AD9EABF034DF54ECCB349401C0D095CE6DDEABF6B8DD3FE02B449402A27EC831DFBEABF7D03C309AAB44940AD3C4128F1E9EABF2FAC901EA6B44940426718E248E1EABF8FA26E10C2B44940E1383EFCD1DDEABF19EE6506B7B4494016B8933025D7EABF3EF4126EC3B449408D872DD033E2EABFA7174A7ED8B44940FE5EDB543AE2EABF96C407CAF9B44940DC4D649690D7EABF36DF0FEF4DB549402336AAD7F1E8EABFE65C0B1BD9B54940962BB16CDBDDEABFC551635EBAB64940EDA3E4061E5AEBBFFDFEED3A34B749407C292CCC5EFAEBBF588339BA1CB8494012442C626331ECBF03D8693347B8494072F95F8F569EECBF59A64E0867B849403EB0C5E1FEA8ECBF00593AB337B849402A7CECCC55BEECBF00DC5ABC36B84940B23310F8EDCFECBF287AB947F6B74940B259537FF4CAECBFCA95DED7ABB7494011BBBFABDFB4ECBF4418B921C8B64940FC61BD5D6BC0ECBF76DB69A38DB6494066091CC310B6ECBFA5AA037277B64940B134878CF3DCECBFEF226A6563B6494096B5D05973E7ECBF7D02507712B6494056B9D509F009EDBFDF3368B0F0B54940BE0576A47C0BEDBFFE8F3C0FDAB54940263996BF861BEDBF037481A3AFB549401D82A24E4B13EDBFD97555025EB54940273148BCF802EDBFB219692655B54940A080182AE6D9ECBFFA7DE0A3FFB44940DC51D8651BA5ECBF4A5F4F1C16B549402B0174309EAEECBF2124AEE9A5B44940BA0A219879A2ECBFEE8C56E26CB449401FE0CCA57440ECBF3C1CC68CD5B34940644A6F6D203FECBF9D553A0167B34940695DE9A9915DECBFAFFCEE3623B34940A0CB59C9FD9CECBF1D0FB19D04B349402F6158B9ACB2ECBF5639D012A0B249408224C53CDB79ECBFE5DE2D6983B24940079D753AC84CECBF63A671AEB9B24940026D0A85CA2BECBFFA5920B1A9B24940D84E426366E3EBBF788EC1E5DEB24940D667651A34CEEBBF8BD14B82A5B249404F9B1570BDB0EBBF15DF14ACA9B249405512F7BFB796EBBF1FA34AAE70B249405ECCB0AD2359EBBFDCB88F7937B24940B648E754DF1BEBBF3AD9363176B2494014C51914F409EBBFFC71D097B1B249402A0CF5410FEEEABF3275C6C09CB249409261E462F9EEEABF434E9F30D9B2494082DFB79CF100EBBF8106EAA818B349401286796BCEF3EABF032BD30B23B349403F55DD9EB0DDEABFB67E22F40CB349407146B86A14D9EABF13BF822CC5B24940DAD1EF601AC3EABFA16C2AD8ABB249405AA5F15913B8EABF86D455494CB34940),
	('RG42', 'RG42', 'RG', 769, 32.008570501877, 12.3585781626327, 487189.355714286, 170991.999428571, -0.745658142857143, 51.4307207142857, _binary 0x00000000010300000001000000230000000014FE120B25E8BF5C5B8CDE89BB49407383D76CE395E8BF4508519C20BC494061B24080C3BBE8BF361FC8AF0CBC49404E723D067E04E9BF5E0D9CE74FBB4940AE0CBC3F227EE9BF5353D2A981BA49401327CEBF62C8E9BF92CDC5D2E3B94940A66D7A7FC9C2E9BF25A2D30D5CB94940BEBB000210A9E9BF806F88A9BDB84940F1E850D8A6AAE9BF5F339FA4CAB749408090600B34B5E9BF6005E2DD78B749402E11F4E0E5C9E9BF59BA12B537B74940303DBA42FED3E9BF666F880BADB64940C412D3A60461E9BF2EEBDA7BF5B549404F984BEDF064E9BFF30C49CB84B54940721B6905645AE9BF0F8BAC6B23B5494000C7E2E37D73E9BF4345EB25FEB4494030B5B0FD6A4DE9BF121727E9EFB4494078A54835654CE9BF4827DAE51FB549401EC7B9CCA333E9BF11ADE75D8DB54940484874C1EF21E9BF7BC13197B5B5494055EF0169BB13E9BF703585409CB549402985BFD72F18E9BF9E01BDB146B54940DA947C8867FCE8BFBA72187355B549404B96CE1E51FAE8BF1D1CBB0174B5494030D54C8DB9E6E8BF2EA7810E8BB54940E6513580CBD2E8BFBA5A83B26AB54940EBC046163BC3E8BFC760C3CCC4B549402053F86A9886E8BFD08738E378B54940A88C89BA636FE8BFF446C27F78B5494088F784D9D56CE8BF2D21B86861B5494002B6A0CD5E61E8BFD700AFE189B549407454890D562EE8BF0B3EA98C6AB549400CDE0CB78A37E8BF7DF66A88ADB549400014FE120B25E8BF6730171EA6B549400014FE120B25E8BF5C5B8CDE89BB4940),
	('RG45', 'RG45', 'RG', 386, 11.0901679017752, 4.2819377654736, 483577.7475, 164138.2525, -0.7992185, 51.369648, _binary 0x000000000103000000010000001D000000A7A8A447EFFAE9BFE0B174EBC3AD4940ACBC2518037FE9BFE0B174EBC3AD49406CA902196E6DE9BFADC1FCDBCFAD4940CA4F7FD2574CE9BFE7A78C6C09AE4940800B062319AFE8BF1BCDCCC445AE494080DD0A1E5E96E8BFA547B2DA48AE4940D37ABA0AE397E8BFD87509237FAE4940B378C9E50482E8BF82E4806808AF4940CE835C96127FE8BF9B93262195AF4940928B9E417BBBE8BF5F38CAFCA9B0494004393BA0ACC3E8BFB109F187F7B04940A0F46F54FAD2E8BF33C9DFE6E5B04940D3F6CE12BC1FE9BF69F8EA4AD3B0494013FCDD727A47E9BFCF08F1920FB14940C06EB3C61059E9BF30C761B0E4B049409A5EE90D286EE9BF2E2C58BAE1B04940B2E1CFDC0B77E9BF8AE4DD4320B14940AB285F5ECB8BE9BF1133CBCF1BB149400B32C3A773B2E9BF34A385E002B14940C4E10A0BFADDE9BF73EFBF1CBFB04940F108A79ED376EABF8FFF35075AB049404FDA94704172EABFC6AEBEF7FAAF4940CAA7E00CBFA5EABFF7430F8FDFAF49404771002165CFEABF1711BEB223AE49404D6DE04D37C9EABFE0B174EBC3AD494007885C00E9C4EABFE0B174EBC3AD4940D69F024A3761EABF159EB3EB4FAE49404DFE1193CA43EABF62B200ECD0AD4940A7A8A447EFFAE9BFE0B174EBC3AD4940),
	('RG5', 'RG 5', 'RG', 480, 8.388287541165, 3.2387359261185, 476578.9975, 173149.248, -0.8978035, 51.4516525, _binary 0x000000000103000000010000001C0000008C372AD055E1EBBF925576220AB949402260440ED5E2EBBFD7953BDB95B949409BA56990BEF8EBBFD82C8413E5B94940DF95904FD20DECBFA8E66B92FCB94940105219B4B000ECBF3E5D89FDD6BA4940254700650A07ECBF9A3AAC7E26BB494006818891CA29ECBF623FABB03FBB49406395B0F25D3CECBF73DC4B96A9BB494008366E85EC60ECBF6967123FBDBB4940BEF90FDEA784ECBF4868DC29D1BB49404530554EC7ADECBF19C7C5AFC3BB4940410E70B128DCECBF9A59BFC134BB49400083A8F339E0ECBFEE7AC05F52BB494038297F76F74CEDBF4D71E2AD00BB4940B36092644255EDBF0204FC2BE6BA4940C4CB37F8DC67EDBF450C2C1073BA4940D0CAAF83D073EDBF683E96D0B7B94940F53FAA199071EDBF9D74E2BAF1B84940A43B47EAF67BEDBF49E473FEB0B849402AE341157350EDBF6D99FC9578B84940C9D3BD15F3D4ECBFA44C165A39B849402A7CECCC55BEECBF00DC5ABC36B849403EB0C5E1FEA8ECBF00593AB337B8494072F95F8F569EECBF59A64E0867B8494012442C626331ECBF03D8693347B849407C292CCC5EFAEBBF588339BA1CB84940A02A3789BD06ECBF4E04A31844B849408C372AD055E1EBBF925576220AB94940),
	('RG6', 'RG 6', 'RG', 675, 11.0636200551751, 4.27168758459661, 474651.617833333, 171266.262166667, -0.925937, 51.43498, _binary 0x000000000103000000010000003D00000011BBBFABDFB4ECBF4418B921C8B64940B259537FF4CAECBFCA95DED7ABB74940B23310F8EDCFECBF287AB947F6B749402A7CECCC55BEECBF00DC5ABC36B84940C9D3BD15F3D4ECBFA44C165A39B849402AE341157350EDBF6D99FC9578B84940A43B47EAF67BEDBF49E473FEB0B84940F53FAA199071EDBF9D74E2BAF1B84940D0CAAF83D073EDBF683E96D0B7B94940C4CB37F8DC67EDBF450C2C1073BA4940B36092644255EDBF0204FC2BE6BA49402CB70E5AC06CEDBFF2858ABCE1BA4940C42080AD4D9AEDBF0EE57EDB17BB4940784AFF1AACC9EDBFADD44AAD09BB4940B950349953E0EDBFCC67AE971BBB4940FF30318DF327EEBF31AEAC9FEABA49401BCE3E310C30EEBF37E47311DDBA494010290E1FBC22EEBFE403927F89BA4940F399D6326A17EEBF9650C4AD89BA49405C83A33A3D04EEBF65AF0B3745BA49400D764965A51DEEBFD8CA793B3BBA4940366BBAF5CD20EEBFCFF0C285D9B949405CC808FBCF57EEBFEC62569CF6B94940D869F3ADB337EEBF2AB0C00BD5B94940830EA303FB22EEBFB4722D3A6AB949401AE1A00A440EEEBF443B7ECC78B9494005359B597EFFEDBF08D323B82DB94940D9E0A11DB00FEEBFCE46BE64FDB8494091E4FE6ADC36EEBF5CC5DDE02FB94940BB82A9C3D54FEEBF1E9D22AEECB84940E51F4D206169EEBFE018DEBCFFB849403E9CE217C48CEEBF2E6CF432A9B84940B13E9E7DB03BEEBF788D7B3EE7B74940EA0BC856BE2FEEBF678E431ECCB74940BB8B21976935EEBFD5576FC43AB7494076F9B573FE3FEEBF29F459A62AB749408D50B71C9834EEBFDDCA9A3A25B74940827BF5C4F035EEBFCA5A6A1B08B7494025EAE37DDB3FEEBF806FE1ED04B74940FFF9E4041B3CEEBF15A62C39EDB64940D4DD3F427F25EEBF35BBB658EAB649409CB62C686023EEBF8C2F09A798B649401739D47CAB12EEBF051E168E6BB649402CA5671F0417EEBFD639877159B6494074CB31E44F31EEBFE302605941B649407DDA76721443EEBF376132F107B649406EB183324252EEBF1C690C4690B54940E4C7AC323D4DEEBFD0616ACE73B549404B4F6B6B065BEEBF8F6DD0CA5EB5494017A9068F7162EEBF390B70250DB549402CEE9F66E809EEBF8C6692F792B549401E5C821D9FD8EDBFE3E1CAADC2B54940255298888CA2EDBF0E287E36D6B54940C9527A79C74CEDBFFC281143C2B54940BE0576A47C0BEDBFFE8F3C0FDAB5494056B9D509F009EDBFDF3368B0F0B5494096B5D05973E7ECBF7D02507712B64940B134878CF3DCECBFEF226A6563B6494066091CC310B6ECBFA5AA037277B64940FC61BD5D6BC0ECBF76DB69A38DB6494011BBBFABDFB4ECBF4418B921C8B64940),
	('RG7', 'RG 7', 'RG', 1408, 189.141784841453, 73.0280513978559, 462869.928857143, 166204.999714286, -1.096339, 51.3908814285714, _binary 0x0000000001030000000100000075000000DEA19FDF944FF2BFE0B174EBC3AD49403FBE2E52E633F2BFE0B174EBC3AD49405D40C6BE6F19F2BFA50BE596D2AD49409C6904409C15F2BFB95F185605AE49401263CE817D04F2BF74E3AD4A37AE4940C52ECD78DCDAF1BF4210531777AE4940461E5EBADEC7F1BFE0B174EBC3AD4940FF0807D3FE94EFBFE0B174EBC3AD4940D27895131F94EFBF1482BB5FCFAD49403430F0FF4C93EFBFA608E6B10EAE49403520794EC09CEFBF760734AC32AE49403B2B4D8C537CEFBF30DBE66114AE4940DD0815679134EFBFAC9812E211AE4940A49D1139DF10EFBF2A995FECEFAD4940717837F30D15EFBFE0B174EBC3AD4940F9E307FF6A1CEEBFE0B174EBC3AD494037FDB0CF1610EEBF84B8819422AE4940977861A2B611EEBF939038C263AE494051B876324FFCEDBFD5D92620B3AE4940D3546D3115C4EDBF70622D9BAFAE4940505009B5F391EDBF309C2633D8AE4940FB251EEF715EEDBF84879766AAAE49402CB5E1611D63EDBF317018A774AE4940808E8E978F3DEDBF24CD91AE77AE49402C098330823DEDBF0CE56B8E94AE494097C322586D32EDBFF08B79F997AE4940CBF8F9650A04EDBFA53B7F6688AE4940AF28844EC4D5ECBFA3D7A9F665AE4940721C4E6A1EC3ECBF76D7FD0583AE4940E5C81B0C92EFECBF62CD4377AFAF4940CD4E34F6B8F3ECBFA38FB9F447B04940904E0CE4240DEDBF1573DD0EBFB049404B99B6E2AA0FEDBFED3ADD5019B14940CFE377F02E6FEDBFFECDACC44DB14940A952EB5B7A83EDBF49C114EF31B1494066880CF49D8AEDBF5144D67BB1B1494013CC32A330B4EDBF706AAD715EB14940C4AD600754F5EDBFE32E4F9C2FB14940760AFFE49F2EEEBFBF1CA4CD72B149409276AB23ED53EEBFC5B5B51EC8B14940A0ED97849490EEBF69123C3117B2494097AAF12A4BA5EEBFE785089C6BB249403D9A558CB5B6EEBF324FFDC758B24940F06D0692EBC0EEBF0A6B5C5E73B249409A488C4787C8EEBF33FEDAC3B9B24940508CF862E1AEEEBFBCD61DE8B5B2494058F90599B6ACEEBF426F85CE8DB3494028D75B657CC8EEBF05D830E9CFB34940FA63862630CFEEBF6C2C84D84EB4494038EEF9E2E5B0EEBF725A1DBD7BB44940B2432647D693EEBFDBF0F868DDB449408697ECBA81B0EEBFBA7597ABC0B44940BBE62F3567EAEEBF4AF4DC0CB6B4494032A7EDFEBE1BEFBFC16A6D4BCDB44940FB96867B0D8DEFBFFD6EE84464B54940961E4315BEDCEFBF43C851ADB0B549407F90D109C6D9EFBF46E5827774B549400EDE40298802F0BF719DAE746AB5494010A0CB4E641EF0BF37FF10AE80B549409E780C430C2DF0BFBFA95F0259B54940C41A6BA31D44F0BF96C8C82377B549409AE0CC006130F0BFE4BE97219EB4494096BEDB5F9632F0BF0CBD0B7A67B4494004027F29123DF0BFFF348F4C25B44940C036EDB86D51F0BF51F4C5422CB4494044DC37AB3961F0BFC4C89D89E4B349409980BBC81F70F0BFD5B28640CEB349402689CB1AB179F0BF070E443297B34940995A58F1C392F0BF31BDD9AEDEB3494001C9CB0D63A6F0BF4AC437FFACB349408571FB365FBAF0BFB0A5C20DE8B349408AC9988F4BC2F0BF3787B9AA1FB44940596BBA5B47D2F0BF98B4F408D2B349400D452331AFDCF0BFDEB576E9C1B34940BCACAD626DEBF0BF36682F6AD0B3494082A11F27B1F7F0BF85B9402F85B34940BD3B0759A3FFF0BFFF2E6B8AB4B34940A192EE9AE306F1BF4E7F906FDFB34940F5D55B028D02F1BF2312084662B44940BE3D66A78EFBF0BFEC47758173B4494039EAB4929904F1BFE0AE8D53DAB4494091B4C4F4E610F1BF7AB70E6F0BB5494056C37CB3920CF1BF165835382EB54940E85F9794C7FEF0BF2A61585932B54940F965EAEC94FDF0BFDFF45A2C7FB54940219B989564F7F0BF43690BD297B54940AC6D6E42FC01F1BF5A37E3FFC9B54940CA06E5FBE2FDF0BFF0804846EEB54940062266E8A801F1BFD341130BEDB549403DDA4A78A900F1BFBA6B6BC802B64940775FB772A8FAF0BFF0064CE817B6494019D0E7AB9EB7F0BFEC4FA7172EB64940F2CC53F268A8F0BF42DAE07B5FB649405844652ECCA1F0BF4C45EFBA91B649406B04817357E0F0BFCAE2222396B7494060D64F49F50CF1BF070F81AF33B84940EC63C5E8761DF1BF5302D84E8EB84940BE65364C7043F1BF67B60EE7E5B94940043D56DE6355F1BF705C3C7737BA49402944D0F51073F1BF6BABF9FD8CBA49407CEB7AA42B94F1BF7C67B832C8BA49403468AE0E0AC8F1BF2D495EE1E5BA49404899F337C116F2BFF6DA8C30CABA4940FEB7489FF167F2BF361F228EFABA4940000A7F89C59EF2BF457DDD14ECBA4940000A7F89C59EF2BF57BA90E706AE494020170323BF9AF2BF10C35EE501AE49407BCD1645C68FF2BF9C8371505CAE4940554A654D9C87F2BF2F23F89C3CAE494013783AE78A6AF2BFDF90A20872AE49407EB8AE7C8466F2BF536316BB49AE4940055BE5234C61F2BF13F961485CAE49401A36B54CA35BF2BF91AE4B942EAE49402E165D2CA351F2BF850214A147AE4940EDEAF7B3694EF2BFAA15DD5710AE49406AFC78A39757F2BF219C5411F6AD4940DEA19FDF944FF2BFE0B174EBC3AD4940),
	('RG8', 'RG 8', 'RG', 848, 112.848331576778, 43.5709844097069, 461829.375, 178883.3765, -1.10905525, 51.5050095, _binary 0x0000000001030000000100000038000000000A7F89C59EF2BF0523E4285EC44940000A7F89C59EF2BF457DDD14ECBA4940FEB7489FF167F2BF361F228EFABA49404899F337C116F2BFF6DA8C30CABA49403468AE0E0AC8F1BF2D495EE1E5BA49407CEB7AA42B94F1BF7C67B832C8BA49402944D0F51073F1BF6BABF9FD8CBA4940043D56DE6355F1BF705C3C7737BA4940BE65364C7043F1BF67B60EE7E5B94940EC63C5E8761DF1BF5302D84E8EB8494084EB52D96F09F1BF4A4D3B9FCFB8494065CE15002906F1BFEB30F1C739B949401BD34D5118FCF0BFD5AED35990B94940B780AEC849F3F0BFE577EBCD99B949405E4AD30CF9FDF0BFA2935DE8F5B94940BBB951C094FBF0BFF0C5B1FC41BA49400BEFBD66A9E0F0BFA6AEDB2407BB49401FCD9824E5E8F0BF63ED4BFC53BB494092B0C06698FCF0BF5E7A4A5D96BB494093D8EFD04EF5F0BF77D2EEB5D1BB4940FF94A6F885EBF0BFEA61EA32D0BB49402FC70BBF6DF1F0BF4A2386AD28BC4940F5D5290061EEF0BF74D97D94C2BC49409B4709604BE5F0BFA35018CA35BD49408025F81EC3D5F0BF8B7255A526BD494075D1D185B5CEF0BF141FB31978BD4940AD607CF2BBC6F0BFA74CC93266BD4940AA763B68C1BDF0BFC2ECB311FABC4940DFD978281E93F0BFE3E33A48B5BC4940713B382F7E8FF0BF5075090BD6BC4940DC9D77130AA0F0BF95FEA67123BD4940E9FF43710C9AF0BF2E65EF23FABD49407CF5881406A4F0BFC2D550B651BE494075520C3D67AFF0BF96B9A0B297BE4940E18E96E2BBD4F0BFC59289D1F7BE4940CFDADF6AA7C6F0BF73264CF577BF494086EBFF07C7B9F0BF7110D310A3C0494001C12CD6978CF0BF6395446BD3C14940B8548C067E91F0BF23D3BDD6E9C1494087BCEA352C8EF0BFB802BB9C05C249400F42E0508A96F0BF47060AF537C249401814D3B63681F0BF2461CD686AC24940ED866D00F173F0BFCC567A2CA9C249404F7B17E12094F0BFB4FC8AD79AC34940AE96E0E0538BF0BFE003C820B2C34940A6095D178F81F0BFC99CDCB2A5C3494029D61D469670F0BF478B1AE36CC34940ED2F97A05552F0BFA7024AFD8AC3494037FCA3413366F0BF3C919EB405C4494076A869031264F0BF55A6B5CD52C549407306FBB48A6AF0BF8215B66089C54940790EDDA45E49F2BF8215B66089C549403499092DD34FF2BF6B65A32F09C54940B0E21CB5C76FF2BF8A9D342BEEC449405763A3572E9BF2BF9BDA12DC56C44940000A7F89C59EF2BF0523E4285EC44940),
	('RG9', 'RG 9', 'RG', 1135, 153.395309357382, 59.2262600531718, 474307.3325, 183799.750166667, -0.9282565, 51.5477073333333, _binary 0x00000000010600000002000000010300000001000000040000007306FBB48A6AF0BF8215B66089C5494076A869031264F0BF55A6B5CD52C54940FC0DA0CA175EF0BF8215B66089C549407306FBB48A6AF0BF8215B66089C54940010300000001000000380000006D1F37B96A24F0BF8215B66089C549403434C239F81FF0BF360AEE703DC54940A54E49798E35F0BFF643EFE906C5494034BBBAD63557F0BF9BC853D7F4C44940FC3FED747057F0BF5B80A2689FC44940D1985F66DA4FF0BFA98AD18267C44940611C6DDACA0FF0BFCB2D70C821C449409772DFBC17F6EFBFA65B2814BDC349404127701DF5D6EFBF66BAEA87B5C34940F53A995C44C0EFBF903A92908DC3494038A4944673D3EFBF1246283059C3494051FDA25A98BDEFBF19843F901AC349403010113828B3EFBFEC33788D38C3494062B6F5DACF67EFBFA618FB92A5C24940D43E8C8B3F58EFBF0C6445EDCBC24940EF5D287D484EEFBF08A6A434BFC2494000B13154783BEFBF9164577A1AC34940D1BFBF79B6F5EEBF67C726C8ACC249406A397136B1F6EEBF2A7445DF67C249406742B7ED5BB5EEBF510850DB9FC149403B4AE92799D9EEBF15AC403F38C14940B7C8B2492F63EEBFCFF14C49F2BF4940DD935E426942EEBF91D00125C3BF4940272458085E09EEBF109FDADAA1BF494073A8487920D2EDBF0C1D5A9E3EBF49405CAB00ADCB91EDBFA696ADD42DBF4940E931C0F3556BEDBF7390094FF0BE4940EE886F4BEB4BEDBFE867C5E344BF4940CA20B0986307EDBF5A977D2D67BF49406842C4706ACAECBF59A268A1D6BF494054CE420EA1B4ECBF57409FD8A7BF4940A3E3CD37D695ECBFB896DBF192BF4940901C0ABC3381ECBFE2E0B371CABF4940F66B97D98346ECBF4C7304131DC049405237D981D2DFEBBFE3FEED7D58C04940C957DE03B4D6EBBF52774FBF83C04940F54913A248DFEBBFA2E401B0AFC04940BBB771CAE2DAEBBFD11E95D4DAC0494099F207A0D0FCEBBFF6426C2B32C14940D36D564C4A29ECBF0CB2A49170C149400C2D0EEA412FECBF38431C3EC6C149409F0D0E48B32AECBF92E75C3432C2494077BC9A3F4B1DECBF39A7800A50C2494038995E096C1BECBF430C661FE7C2494007F322385CF7EBBF83465A64AEC349403CE29A8CF6C7EBBFE7BCD2714DC449401A50D0B527C3EBBFF8E30122CDC44940C8221860E55BEBBF99093739BEC44940D5D66D799422EBBF9AC7BB9CD5C44940C69115EE9CF2EABFEC17D6B2C4C449404CCA651A8AFBEABF2FFC022B82C449400290601948F3EABF3CA20AAE48C449408A388863C3DCEABFC946DABC8CC44940AA6CF27487E1EABF4441B3A152C54940E336D093F5F4EABF8215B66089C549406D1F37B96A24F0BF8215B66089C54940),
	('SL6', 'SL 6', 'SL', 2304, 98.8241718271316, 38.1562260586253, 487722.6452, 181454.4504, -0.7353906, 51.5246966, _binary 0x0000000001030000000100000012000000E336D093F5F4EABF8215B66089C54940AA6CF27487E1EABF4441B3A152C54940C1FAC4053262EABF839B941862C3494034B005F2BC25EABF4587BF0CABC249404E3220B4DDF1E9BF0F01362856C2494095918E6B11DCE9BFE8F64DE506C2494080BC2945B6ECE9BF5C5CB54F76C14940BC5639A233F0E9BF40455325EDC049409002087047DDE9BF7F245B2386C049402A38597C13DAE9BFC05FF8EE1BC049406D929A7C9DB6E9BFA7589EEA5DBF4940D975774C876DE9BF60150D5757BE494031A23B40C03EE9BF1917688142BD4940D5B8B062E0E7E8BFECDE673F76BC49407383D76CE395E8BF4508519C20BC49400014FE120B25E8BF5C5B8CDE89BB49400014FE120B25E8BF8215B66089C54940E336D093F5F4EABF8215B66089C54940);
/*!40000 ALTER TABLE `amd_postcode_disrict_boundaries` ENABLE KEYS */;

-- Dumping structure for table amd_sample.amd_postcode_disrict_centroids
CREATE TABLE IF NOT EXISTS `amd_postcode_disrict_centroids` (
  `PostDist` varchar(5) DEFAULT NULL,
  `Structured_Dist` varchar(5) DEFAULT NULL,
  `PostArea` varchar(5) DEFAULT NULL,
  `Postcode_Count` double DEFAULT NULL,
  `AREA_KM` double DEFAULT NULL,
  `AREA_MI` double DEFAULT NULL,
  `X_Coord` double DEFAULT NULL,
  `Y_Coord` double DEFAULT NULL,
  `Longitude` double DEFAULT NULL,
  `Latitude` double DEFAULT NULL,
  `geom` geometry NOT NULL,
  SPATIAL KEY `AMD_POSTCODE_DISRICT_CEN_geom_1488214164864` (`geom`)
) ENGINE=MyISAM DEFAULT CHARSET=utf8;

-- Dumping data for table amd_sample.amd_postcode_disrict_centroids: 13 rows
/*!40000 ALTER TABLE `amd_postcode_disrict_centroids` DISABLE KEYS */;
INSERT INTO `amd_postcode_disrict_centroids` (`PostDist`, `Structured_Dist`, `PostArea`, `Postcode_Count`, `AREA_KM`, `AREA_MI`, `X_Coord`, `Y_Coord`, `Longitude`, `Latitude`, `geom`) VALUES
	('RG1', 'RG 1', 'RG', 1204, 7.0883374281456, 2.7368223814842, 471794.312375, 173240.936625, -0.966638125, 51.45310375, _binary 0x0000000001010000005CD3AC0A28FBEEBF2CFB3F2310BA4940),
	('RG10', 'RG10', 'RG', 668, 62.768419358316, 24.235022202543, 479504.006, 177043.83233333, -0.854839, 51.486262666667, _binary 0x0000000001010000001CE559C86467EBBF3BE693AC4EBE4940),
	('RG2', 'RG 2', 'RG', 1149, 26.785210275206, 10.34182750427, 472470.9982, 169658.2998, -0.9576376, 51.4208044, _binary 0x000000000101000000A0A9BF8263B1EEBF190386EBEDB54940),
	('RG30', 'RG30', 'RG', 976, 25.02564416114, 9.6624552295314, 468500.0996, 172945.3008, -1.0141014, 51.4508538, _binary 0x000000000101000000D7D6BA35F83FF0BFE309C465C6B94940),
	('RG31', 'RG31', 'RG', 610, 8.5461427680191, 3.2996841699441, 466242.84075, 173266.87575, -1.04652475, 51.4540145, _binary 0x000000000101000000D6A77634C2C4F0BFB2A5BFEA2DBA4940),
	('RG4', 'RG 4', 'RG', 975, 51.241660449257, 19.784515706757, 471717.9002, 176723.8994, -0.9670352, 51.4844264, _binary 0x000000000101000000A78C931262FEEEBF374A8F7C12BE4940),
	('RG40', 'RG40', 'RG', 918, 43.902788090689, 16.950961247847, 481428.7998, 167608.2006, -0.829283, 51.4011552, _binary 0x000000000101000000BD88AAFB1B96EABF55D2B1396AB34940),
	('RG41', 'RG41', 'RG', 700, 17.707237530033, 6.8368026321694, 479207.9, 168911.2006, -0.8609226, 51.4131868, _binary 0x00000000010100000043188BE93699EBBFFDECE759F4B44940),
	('RG45', 'RG45', 'RG', 386, 11.090167901775, 4.2819377654736, 483577.7475, 164138.2525, -0.7992185, 51.369648, _binary 0x000000000101000000FC3182D2C79FE9BFF0DBE4D761AF4940),
	('RG5', 'RG 5', 'RG', 480, 8.388287541165, 3.2387359261185, 476578.9975, 173149.248, -0.8978035, 51.4516525, _binary 0x000000000101000000DD91C0C253C7ECBFB0DD039EE0B94940),
	('RG6', 'RG 6', 'RG', 675, 11.063620055175, 4.2716875845966, 474651.61783333, 171266.26216667, -0.925937, 51.43498, _binary 0x000000000101000000CFEE8EEFC1ADEDBF0C778F57BEB74940),
	('RG7', 'RG 7', 'RG', 1408, 189.14178484145, 73.028051397856, 462869.92885714, 166204.99971429, -1.096339, 51.390881428571, _binary 0x000000000101000000C74F0B74AF90F1BFCDF638121AB24940),
	('RG8', 'RG 8', 'RG', 848, 112.84833157678, 43.570984409707, 461829.375, 178883.3765, -1.10905525, 51.5050095, _binary 0x00000000010100000090522246E0C4F1BF0D5157DAB4C04940);
/*!40000 ALTER TABLE `amd_postcode_disrict_centroids` ENABLE KEYS */;

-- Dumping structure for table amd_sample.amd_postcode_sector_boundaries
CREATE TABLE IF NOT EXISTS `amd_postcode_sector_boundaries` (
  `PostSect` varchar(10) DEFAULT NULL,
  `Structured_PostSect` varchar(10) DEFAULT NULL,
  `PostDist` varchar(5) DEFAULT NULL,
  `Structurred_Dist` varchar(5) DEFAULT NULL,
  `PostArea` varchar(5) DEFAULT NULL,
  `Postcode_Count` double DEFAULT NULL,
  `AREA_KM` double DEFAULT NULL,
  `AREA_MI` double DEFAULT NULL,
  `X_Coord` double DEFAULT NULL,
  `Y_Coord` double DEFAULT NULL,
  `Longitude` double DEFAULT NULL,
  `Latitude` double DEFAULT NULL,
  `geom` geometry NOT NULL,
  SPATIAL KEY `AMD_POSTCODE_SECTOR_BOUN_geom_1488214164898` (`geom`)
) ENGINE=MyISAM DEFAULT CHARSET=utf8;

-- Dumping data for table amd_sample.amd_postcode_sector_boundaries: 86 rows
/*!40000 ALTER TABLE `amd_postcode_sector_boundaries` DISABLE KEYS */;
INSERT INTO `amd_postcode_sector_boundaries` (`PostSect`, `Structured_PostSect`, `PostDist`, `Structurred_Dist`, `PostArea`, `Postcode_Count`, `AREA_KM`, `AREA_MI`, `X_Coord`, `Y_Coord`, `Longitude`, `Latitude`, `geom`) VALUES
	('GU15 4', 'GU15 4', 'GU15', 'GU15', 'GU', 139, 9.1843924387017, 3.5461137454837, 487553.5, 161816.5, -0.742684, 51.348175, _binary 0x000000000103000000010000000900000012EB6256F8A6E8BFE0B174EBC3AD4940C5BA1B4022A7E8BF332D3042C5AD4940BAFF81D76DBCE8BFC707AAF2D6AD49401D5C0E6AF5C1E8BFCD2CFB3DFAAD4940800B062319AFE8BF1BCDCCC445AE494080DD0A1E5E96E8BFA547B2DA48AE49400014FE120B25E8BF914311FF54AE49400014FE120B25E8BFE0B174EBC3AD494012EB6256F8A6E8BFE0B174EBC3AD4940),
	('GU47 0', 'GU47 0', 'GU47', 'GU47', 'GU', 198, 2.2571517748955, 0.87149117244508, 485130, 161481.496, -0.777558, 51.345531, _binary 0x000000000103000000010000000700000012EB6256F8A6E8BFE0B174EBC3AD4940BBE389E80422E9BFE0B174EBC3AD4940F22744E62F18E9BF1D838601D9AD49401D5C0E6AF5C1E8BFCD2CFB3DFAAD4940BAFF81D76DBCE8BFC707AAF2D6AD4940C5BA1B4022A7E8BF332D3042C5AD494012EB6256F8A6E8BFE0B174EBC3AD4940),
	('GU47 8', 'GU47 8', 'GU47', 'GU47', 'GU', 117, 4.4488726772109, 1.7177193437516, 482669.002, 162057.5, -0.812755, 51.351073, _binary 0x0000000001060000000200000001030000000100000005000000A7A8A447EFFAE9BFE0B174EBC3AD494007885C00E9C4EABFE0B174EBC3AD4940D69F024A3761EABF159EB3EB4FAE49404DFE1193CA43EABF62B200ECD0AD4940A7A8A447EFFAE9BFE0B174EBC3AD494001030000000100000008000000BBE389E80422E9BFE0B174EBC3AD4940ACBC2518037FE9BFE0B174EBC3AD49406CA902196E6DE9BFADC1FCDBCFAD4940CA4F7FD2574CE9BFE7A78C6C09AE4940800B062319AFE8BF1BCDCCC445AE49401D5C0E6AF5C1E8BFCD2CFB3DFAAD4940F22744E62F18E9BF1D838601D9AD4940BBE389E80422E9BFE0B174EBC3AD4940),
	('OX10 9', 'OX10 9', 'OX10', 'OX10', 'OX', 249, 21.386269816199, 8.2572849392056, 458505.502, 185730.999, -1.155811, 51.566939, _binary 0x0000000001030000000100000007000000000A7F89C59EF2BF0523E4285EC44940000A7F89C59EF2BF8215B66089C54940790EDDA45E49F2BF8215B66089C549403499092DD34FF2BF6B65A32F09C54940B0E21CB5C76FF2BF8A9D342BEEC449405763A3572E9BF2BF9BDA12DC56C44940000A7F89C59EF2BF0523E4285EC44940),
	('RG1 1', 'RG 1 1', 'RG1', 'RG 1', 'RG', 76, 0.29151718591307, 0.11255541473326, 471434.001, 173751.003, -0.97172, 51.457736, _binary 0x000000000103000000010000000A0000001063C555F83DEFBF7498B7DBDABA494048EB7EDF2930EFBF49E085E0F2BA494036D556237C19EFBF0459C198E3BA4940F529919C6914EFBF15FF35EEF8BA4940B858251109FFEEBFFA01731DD5BA49400E1084A53CFEEEBFC7DA4D74BBBA4940FE0CD83A1201EFBFCE6610FD66BA4940849BAA6DFB37EFBF168071D357BA49402D71EA34034DEFBFF36A9B3A65BA49401063C555F83DEFBF7498B7DBDABA4940),
	('RG1 2', 'RG 1 2', 'RG1', 'RG 1', 'RG', 120, 0.4953942991106, 0.19127280821623, 471643.5, 172954.996, -0.968866, 51.450553, _binary 0x0000000001030000000100000011000000849BAA6DFB37EFBF168071D357BA4940FE0CD83A1201EFBFCE6610FD66BA494022F62D6A0302EFBF25C2AE2E3DBA494070224B0AE5FCEEBFD2A5341507BA49401FC1F2B16103EFBF17F65BCDF1B94940DAF9F3DCD6EDEEBF7E8D3346ADB949401CB192B29DE3EEBF73F2D5172AB9494033207519C5E7EEBF76F3334F10B949405CD297D97DECEEBFD31C50EC23B9494030D6C515680EEFBFD80FFE3415B94940FFDAD187231BEFBF8AFEF9FB29B9494081360CA9E01AEFBF40B9128758B9494010B688AE3627EFBF67AE3E0860B949402372B50F682EEFBF1A8233D489B94940814FE8E3D61AEFBF4D8A5F69DDB94940DF7AC8E2AC2CEFBF35A87C6401BA4940849BAA6DFB37EFBF168071D357BA4940),
	('RG1 3', 'RG 1 3', 'RG1', 'RG 1', 'RG', 231, 1.0764748836518, 0.41562927619469, 472809.999, 173544.997, -0.951959, 51.455708, _binary 0x000000000103000000010000001500000022F62D6A0302EFBF25C2AE2E3DBA4940FE0CD83A1201EFBFCE6610FD66BA49400E1084A53CFEEEBFC7DA4D74BBBA49403FB71308EE90EEBFC06B3A15A7BA494059C0B5231679EEBF36DA6F4982BA494018298E135A66EEBFFF95C818A9BA494068D7FB378863EEBF858B847AD0BA4940FF30318DF327EEBF31AEAC9FEABA49401BCE3E310C30EEBF37E47311DDBA494010290E1FBC22EEBFE403927F89BA4940F399D6326A17EEBF9650C4AD89BA49405C83A33A3D04EEBF65AF0B3745BA49400D764965A51DEEBFD8CA793B3BBA4940366BBAF5CD20EEBFCFF0C285D9B949405CC808FBCF57EEBFEC62569CF6B94940F128FB65C164EEBFAF869233FBB9494076783D40E364EEBF4EFD5D2D0DBA4940063E84B53891EEBF453413F335BA4940E3E8A6AE38DEEEBFF4F9C7571FBA49401B30536C04F8EEBFFF4D78C923BA494022F62D6A0302EFBF25C2AE2E3DBA4940),
	('RG1 4', 'RG 1 4', 'RG1', 'RG 1', 'RG', 117, 0.32049765092336, 0.12374483482929, 472392.502, 173149.995, -0.958048, 51.45221, _binary 0x000000000103000000010000000E00000022F62D6A0302EFBF25C2AE2E3DBA49401B30536C04F8EEBFFF4D78C923BA4940E3E8A6AE38DEEEBFF4F9C7571FBA4940063E84B53891EEBF453413F335BA494076783D40E364EEBF4EFD5D2D0DBA4940F128FB65C164EEBFAF869233FBB9494096A350FC9DC9EEBFB00D701AC7B949403E6BE5AD37D4EEBFDB876FF3C8B949402A3D4F3CE7D6EEBFA6091B63E2B949405A122FF952ECEEBFA304FBD1D3B94940DAF9F3DCD6EDEEBF7E8D3346ADB949401FC1F2B16103EFBF17F65BCDF1B9494070224B0AE5FCEEBFD2A5341507BA494022F62D6A0302EFBF25C2AE2E3DBA4940),
	('RG1 5', 'RG 1 5', 'RG1', 'RG 1', 'RG', 176, 1.4510578244157, 0.56025655817679, 472923.5, 172618.502, -0.950517, 51.447364, _binary 0x0000000001030000000100000014000000DAF9F3DCD6EDEEBF7E8D3346ADB949405A122FF952ECEEBFA304FBD1D3B949402A3D4F3CE7D6EEBFA6091B63E2B949403E6BE5AD37D4EEBFDB876FF3C8B9494096A350FC9DC9EEBFB00D701AC7B94940F128FB65C164EEBFAF869233FBB949405CC808FBCF57EEBFEC62569CF6B94940D869F3ADB337EEBF2AB0C00BD5B94940830EA303FB22EEBFB4722D3A6AB949401AE1A00A440EEEBF443B7ECC78B9494005359B597EFFEDBF08D323B82DB94940D9E0A11DB00FEEBFCE46BE64FDB8494091E4FE6ADC36EEBF5CC5DDE02FB94940BB82A9C3D54FEEBF1E9D22AEECB84940E51F4D206169EEBFE018DEBCFFB849403E9CE217C48CEEBF2E6CF432A9B84940A9227363ACBCEEBF532C3417F3B8494012BD52D5D7E0EEBFEABF3F83E1B849401CB192B29DE3EEBF73F2D5172AB94940DAF9F3DCD6EDEEBF7E8D3346ADB94940),
	('RG1 6', 'RG 1 6', 'RG1', 'RG 1', 'RG', 174, 1.512923080902, 0.58414286724494, 470683.997, 172354.498, -0.982794, 51.445274, _binary 0x0000000001030000000100000011000000186E9B5ADACDEFBF4C91A2D553B949401D4CFB8586BDEFBF78992D3BDFB949400339EE491C92EFBF8BAE5F82E4B94940B636EA1BAA65EFBF1A2980CCA4B94940DF7AC8E2AC2CEFBF35A87C6401BA4940814FE8E3D61AEFBF4D8A5F69DDB949402372B50F682EEFBF1A8233D489B9494010B688AE3627EFBF67AE3E0860B94940FDC03FDBE62AEFBFE008810D45B949401FF639AF8A36EFBF5ED375784AB949400BECC1BD4C37EFBF08727B3A17B94940383F69628A6BEFBF73D008ACA9B8494021803526F39EEFBF3F89153A91B849404ACAA4919AC3EFBFA16581A626B84940E1D1BADDEEDDEFBF6371EE1F1EB8494027FD0A333DE3EFBF58FFEF4289B84940186E9B5ADACDEFBF4C91A2D553B94940),
	('RG1 7', 'RG 1 7', 'RG1', 'RG 1', 'RG', 212, 0.90828855302446, 0.35069217090214, 470761.501, 173436.998, -0.981462, 51.454997, _binary 0x000000000103000000010000000A0000001D4CFB8586BDEFBF78992D3BDFB94940A8E2FEC391B7EFBF0F2045742ABA49408351FDA13D95EFBF010C5ACCEDBA49401063C555F83DEFBF7498B7DBDABA49402D71EA34034DEFBFF36A9B3A65BA4940849BAA6DFB37EFBF168071D357BA4940DF7AC8E2AC2CEFBF35A87C6401BA4940B636EA1BAA65EFBF1A2980CCA4B949400339EE491C92EFBF8BAE5F82E4B949401D4CFB8586BDEFBF78992D3BDFB94940),
	('RG1 8', 'RG 1 8', 'RG1', 'RG 1', 'RG', 98, 1.0321839502047, 0.39852845118689, 471705.499, 174116.504, -0.967739, 51.460988, _binary 0x0000000001030000000100000018000000940C6C8D3A5AEFBFC6AC58AAA0BB4940C611B8670246EFBFE9042A0F95BB49400523A4258E11EFBFDBF2A9CF51BB4940A065F040C30FEFBF9D8B17092CBB4940E8B42E6E02F9EEBF5E414E1901BB49406C7ABF900ABFEEBF30D4250937BB4940DF62CFA08BA1EEBFDE8EF6E524BB4940A44B7529EA92EEBF765876D011BB494068D7FB378863EEBF858B847AD0BA494018298E135A66EEBFFF95C818A9BA494059C0B5231679EEBF36DA6F4982BA49403FB71308EE90EEBFC06B3A15A7BA49400E1084A53CFEEEBFC7DA4D74BBBA4940B858251109FFEEBFFA01731DD5BA4940F529919C6914EFBF15FF35EEF8BA494036D556237C19EFBF0459C198E3BA494048EB7EDF2930EFBF49E085E0F2BA49401063C555F83DEFBF7498B7DBDABA49408351FDA13D95EFBF010C5ACCEDBA4940B563210369A5EFBF23F5CD1DEBBA49409D2F8562DBA2EFBFCC8B7C1B39BB4940F859B5518396EFBF579D8CEC5CBB49402D834F940F54EFBF9C1908CC7CBB4940940C6C8D3A5AEFBFC6AC58AAA0BB4940),
	('RG10 0', 'RG10 0', 'RG10', 'RG10', 'RG', 238, 31.538273623278, 12.17699552265, 481537, 174768.497, -0.826085, 51.465519, _binary 0x000000000103000000010000002A00000008366E85EC60ECBF6967123FBDBB49400A37D7ED7B2BECBFF34FA54620BC4940F330FA316E3EECBFDC60A2C84DBC49400A7353B17A27ECBF7C14D10893BC494056421F54BE1AECBFB416573319BD49402F96FF293DE6EBBFA87BD2041BBD49400D8C62FCE3B3EBBFDAF74A6EB8BC494045B1C319685DEBBF4A105D492DBD4940306A5724DD27EBBFF2A17DA018BD4940C9F4C11C6927EBBF778FE3143BBD494094AAEA7C0A3EEBBFE08897E350BD4940D202ECD1E52CEBBF8DB1433F25BE4940EB0E9107EA0DEBBF42CFCAAE68BE4940C2383BC95FEEEABF31C8B6F25BBE4940EE30ECEB11C0EABFDADF16A2F8BE494012FD70D9AF8BEABFB2946CB309BF4940D9903A014A18EABF8D6FEB7807C049402A38597C13DAE9BFC05FF8EE1BC049406D929A7C9DB6E9BFA7589EEA5DBF4940D975774C876DE9BF60150D5757BE494031A23B40C03EE9BF1917688142BD4940D5B8B062E0E7E8BFECDE673F76BC49407383D76CE395E8BF4508519C20BC494061B24080C3BBE8BF361FC8AF0CBC49404E723D067E04E9BF5E0D9CE74FBB4940AE0CBC3F227EE9BF5353D2A981BA49401327CEBF62C8E9BF92CDC5D2E3B94940601424057D46EABFAB6E1CBE21B949408446A4D61AA3EABF99F20D805CB849401BAE1F737039EBBF8D30842885B74940EDA3E4061E5AEBBFFDFEED3A34B749407C292CCC5EFAEBBF588339BA1CB84940A02A3789BD06ECBF4E04A31844B849408C372AD055E1EBBF925576220AB949402260440ED5E2EBBFD7953BDB95B949409BA56990BEF8EBBFD82C8413E5B94940DF95904FD20DECBFA8E66B92FCB94940105219B4B000ECBF3E5D89FDD6BA4940254700650A07ECBF9A3AAC7E26BB494006818891CA29ECBF623FABB03FBB49406395B0F25D3CECBF73DC4B96A9BB494008366E85EC60ECBF6967123FBDBB4940),
	('RG10 8', 'RG10 8', 'RG10', 'RG10', 'RG', 139, 14.973183885492, 5.7811786184415, 479632.498, 179970.498, -0.852325, 51.51256, _binary 0x000000000103000000010000002D000000901C0ABC3381ECBFE2E0B371CABF4940F66B97D98346ECBF4C7304131DC049405237D981D2DFEBBFE3FEED7D58C04940C957DE03B4D6EBBF52774FBF83C04940F54913A248DFEBBFA2E401B0AFC04940BBB771CAE2DAEBBFD11E95D4DAC0494099F207A0D0FCEBBFF6426C2B32C14940D36D564C4A29ECBF0CB2A49170C149400C2D0EEA412FECBF38431C3EC6C149409F0D0E48B32AECBF92E75C3432C2494077BC9A3F4B1DECBF39A7800A50C2494038995E096C1BECBF430C661FE7C2494007F322385CF7EBBF83465A64AEC349403CE29A8CF6C7EBBFE7BCD2714DC449401A50D0B527C3EBBFF8E30122CDC44940C8221860E55BEBBF99093739BEC44940D5D66D799422EBBF9AC7BB9CD5C44940C69115EE9CF2EABFEC17D6B2C4C449404CCA651A8AFBEABF2FFC022B82C449400290601948F3EABF3CA20AAE48C449408A388863C3DCEABFC946DABC8CC44940AA6CF27487E1EABF4441B3A152C54940C1FAC4053262EABF839B941862C3494034B005F2BC25EABF4587BF0CABC24940B99A14192562EABF24CA5C637BC24940C908A3B099E8EABFE8B496177BC14940C22CAFB26E12EBBFEED7D73B04C14940E6373BC5B423EBBFFCA28A948DC04940C38DFFC8D629EBBF94385C2256C04940D6BD7116C515EBBF8B30614144C04940A6997BDD1916EBBFEFE0C1F6FCBF4940106CD0207522EBBF80DE000EA5BF49401E08B86C1F3EEBBFB69B29DF51BF4940514F581D6635EBBFE1FCCFC93DBF4940AF42D1D0CE8AEBBFFD14A36CE3BE494096467D11F4C4EBBF0D08766A75BE49408B3F628953DDEBBF6105F7DF90BE49404DC9D9798FDDEBBF7901A6067EBE49402FC7679B612CECBFE8E820B709BE4940D199B1CAEE3EECBFEB3D105152BE49405434F2A53146ECBF25AD9BC8BBBE494075E79528682DECBF2D906DF2F6BE49405E34DE08B766ECBF42B6CD8BFDBE4940E1E643156C67ECBFA67BBBD998BF4940901C0ABC3381ECBFE2E0B371CABF4940),
	('RG10 9', 'RG10 9', 'RG10', 'RG10', 'RG', 291, 16.256961849546, 6.2768480614519, 477342.52, 176392.502, -0.886107, 51.480709, _binary 0x000000000103000000010000003D0000007F1DB70D38A4EDBF972EDAE011BE494038FD269D776EEDBF87D08AB5A9BE4940E931C0F3556BEDBF7390094FF0BE4940EE886F4BEB4BEDBFE867C5E344BF4940CA20B0986307EDBF5A977D2D67BF49406842C4706ACAECBF59A268A1D6BF494054CE420EA1B4ECBF57409FD8A7BF4940A3E3CD37D695ECBFB896DBF192BF4940901C0ABC3381ECBFE2E0B371CABF4940E1E643156C67ECBFA67BBBD998BF49405E34DE08B766ECBF42B6CD8BFDBE494075E79528682DECBF2D906DF2F6BE49405434F2A53146ECBF25AD9BC8BBBE4940D199B1CAEE3EECBFEB3D105152BE49402FC7679B612CECBFE8E820B709BE49404DC9D9798FDDEBBF7901A6067EBE49408B3F628953DDEBBF6105F7DF90BE494096467D11F4C4EBBF0D08766A75BE4940AF42D1D0CE8AEBBFFD14A36CE3BE4940514F581D6635EBBFE1FCCFC93DBF49401E08B86C1F3EEBBFB69B29DF51BF4940106CD0207522EBBF80DE000EA5BF4940A6997BDD1916EBBFEFE0C1F6FCBF4940D6BD7116C515EBBF8B30614144C04940C38DFFC8D629EBBF94385C2256C04940E6373BC5B423EBBFFCA28A948DC04940C22CAFB26E12EBBFEED7D73B04C14940C908A3B099E8EABFE8B496177BC14940B99A14192562EABF24CA5C637BC2494034B005F2BC25EABF4587BF0CABC249404E3220B4DDF1E9BF0F01362856C2494095918E6B11DCE9BFE8F64DE506C2494080BC2945B6ECE9BF5C5CB54F76C14940BC5639A233F0E9BF40455325EDC049409002087047DDE9BF7F245B2386C049402A38597C13DAE9BFC05FF8EE1BC04940D9903A014A18EABF8D6FEB7807C0494012FD70D9AF8BEABFB2946CB309BF4940EE30ECEB11C0EABFDADF16A2F8BE4940C2383BC95FEEEABF31C8B6F25BBE4940EB0E9107EA0DEBBF42CFCAAE68BE4940D202ECD1E52CEBBF8DB1433F25BE494094AAEA7C0A3EEBBFE08897E350BD4940C9F4C11C6927EBBF778FE3143BBD4940306A5724DD27EBBFF2A17DA018BD494045B1C319685DEBBF4A105D492DBD49400D8C62FCE3B3EBBFDAF74A6EB8BC49402F96FF293DE6EBBFA87BD2041BBD494056421F54BE1AECBFB416573319BD49400A7353B17A27ECBF7C14D10893BC4940F330FA316E3EECBFDC60A2C84DBC4940EE753EEA914BECBF651C06A26CBC49405C7086124A64ECBFC815097E61BC4940B76887F7AC85ECBFA02FCDA1C1BC4940293EA91996BBECBFDE68FAB7C0BC4940E5614D81E0D4ECBF95342D16A5BC4940A697F6E9BC2DEDBF9640081701BD4940E4FBE63EBB3DEDBF07C81E91E1BC4940049483948989EDBFD80EE6B360BD494085A17F0E9E99EDBF127FF918FBBD49407F1DB70D38A4EDBF972EDAE011BE4940),
	('RG12 1', 'RG12 1', 'RG12', 'RG12', 'RG', 235, 1.4569411845808, 0.56252813623604, 486013.001, 169234.501, -0.763004, 51.415102, _binary 0x00000000010300000001000000170000000014FE120B25E8BF6BC05508F3B44940A53EC8FCA13EE8BF5727B6381FB54940AE4C5A6DFA58E8BF40BBA49302B54940568CEBB40F5AE8BF00E23351DCB449408636E4F1E56CE8BF46FDBD61EFB449402B58545C98B3E8BFA79B37C1ECB44940A2BAA59EF606E9BF64FBC0B2AAB44940A002F4CEF921E9BFD9DD37B40FB549403614E6C89E1FE9BFF28A07F044B549402985BFD72F18E9BF9E01BDB146B54940DA947C8867FCE8BFBA72187355B549404B96CE1E51FAE8BF1D1CBB0174B5494030D54C8DB9E6E8BF2EA7810E8BB54940E6513580CBD2E8BFBA5A83B26AB54940EBC046163BC3E8BFC760C3CCC4B549402053F86A9886E8BFD08738E378B54940A88C89BA636FE8BFF446C27F78B5494088F784D9D56CE8BF2D21B86861B5494002B6A0CD5E61E8BFD700AFE189B549407454890D562EE8BF0B3EA98C6AB549400CDE0CB78A37E8BF7DF66A88ADB549400014FE120B25E8BF6730171EA6B549400014FE120B25E8BF6BC05508F3B44940),
	('RG12 7', 'RG12 7', 'RG12', 'RG12', 'RG', 267, 13.14062506763, 5.073623703209, 487448.499, 166198, -0.743113, 51.387583, _binary 0x00000000010300000001000000150000000014FE120B25E8BF6BC05508F3B449400014FE120B25E8BF914311FF54AE494080DD0A1E5E96E8BFA547B2DA48AE4940D37ABA0AE397E8BFD87509237FAE4940B378C9E50482E8BF82E4806808AF4940CE835C96127FE8BF9B93262195AF4940928B9E417BBBE8BF5F38CAFCA9B0494004393BA0ACC3E8BFB109F187F7B04940AFC64233E1B2E8BF940D270C90B149408E4F56AF889CE8BF7F05930119B249405EE365DAF172E8BF4ABB4DD0A8B2494071CDEB8B775CE8BF6013ADBFC9B2494044EDF0441A61E8BFE6FEBE102CB349405E88F8F3777AE8BFEB6F43138EB34940B75BD937E496E8BFC08E3AA6BCB34940C9AB47A8CB9EE8BFCAD2115EEFB3494085A8A789237BE8BFC75DE14388B44940568CEBB40F5AE8BF00E23351DCB44940AE4C5A6DFA58E8BF40BBA49302B54940A53EC8FCA13EE8BF5727B6381FB549400014FE120B25E8BF6BC05508F3B44940),
	('RG12 8', 'RG12 8', 'RG12', 'RG12', 'RG', 188, 3.6689477200577, 1.4165886342937, 485236.501, 167835.497, -0.774505, 51.402642, _binary 0x000000000103000000010000001B00000030B5B0FD6A4DE9BF121727E9EFB4494078A54835654CE9BF4827DAE51FB549401EC7B9CCA333E9BF11ADE75D8DB54940484874C1EF21E9BF7BC13197B5B5494055EF0169BB13E9BF703585409CB549402985BFD72F18E9BF9E01BDB146B549403614E6C89E1FE9BFF28A07F044B54940A002F4CEF921E9BFD9DD37B40FB54940A2BAA59EF606E9BF64FBC0B2AAB449402B58545C98B3E8BFA79B37C1ECB449408636E4F1E56CE8BF46FDBD61EFB44940568CEBB40F5AE8BF00E23351DCB4494085A8A789237BE8BFC75DE14388B44940C9AB47A8CB9EE8BFCAD2115EEFB34940B75BD937E496E8BFC08E3AA6BCB349405E88F8F3777AE8BFEB6F43138EB3494044EDF0441A61E8BFE6FEBE102CB3494071CDEB8B775CE8BF6013ADBFC9B249405EE365DAF172E8BF4ABB4DD0A8B249408E4F56AF889CE8BF7F05930119B24940AFC64233E1B2E8BF940D270C90B149405395177FFBC6E8BF72D17EBE82B14940DE6B7ECDE610E9BFC4706BF8F9B2494087637B8E172FE9BF0C1B3D36B7B3494088B9308EF72AE9BF99F9754434B449400C9EF4ACEE49E9BF44698711B3B4494030B5B0FD6A4DE9BF121727E9EFB44940),
	('RG2 0', 'RG 2 0', 'RG2', 'RG 2', 'RG', 472, 3.0900349314228, 1.1930691569939, 471275.997, 170776.5, -0.974594, 51.431012, _binary 0x0000000001030000000100000023000000B5DE2868F49FEFBFF365DD66B0B64940C9822EE00389EFBF560F29AA93B74940B8CA2A153D74EFBF0651BACC84B74940F31E0301A34BEFBF4E18CBFAA4B74940C0D467128244EFBFCAF622626DB84940383F69628A6BEFBF73D008ACA9B849400BECC1BD4C37EFBF08727B3A17B949401FF639AF8A36EFBF5ED375784AB94940FDC03FDBE62AEFBFE008810D45B9494010B688AE3627EFBF67AE3E0860B9494081360CA9E01AEFBF40B9128758B94940FFDAD187231BEFBF8AFEF9FB29B9494030D6C515680EEFBFD80FFE3415B949405CD297D97DECEEBFD31C50EC23B9494033207519C5E7EEBF76F3334F10B949401CB192B29DE3EEBF73F2D5172AB9494012BD52D5D7E0EEBFEABF3F83E1B84940BC4BCEF425D9EEBF6909E5BC2BB84940342B3FDF94EDEEBFCC7B593524B84940B22DC18358F5EEBFDF684A14E8B7494037A74EEE9CFAEEBF87E84FEF70B74940DD6DB40821F4EEBF99823F8932B74940C5256C350302EFBF73C476AACDB64940B22B968AD402EFBFAAC16061FDB549408397DE08A71EEFBF792F7E3A13B549408C6E508ED735EFBF06DDD0957FB549408908D7B8684FEFBF94C2203894B54940B5A9A5564047EFBF9EB11FABC3B54940253C872C4253EFBFBCAC8BE804B649405DF082B89768EFBF565C91DDD8B549400A7FB5F08D7FEFBFBDF74B9005B649406E2CB30F077CEFBF59F021B12EB64940EF041138DF58EFBF92FDD0D14BB649404553B1A2A462EFBFEE6518FB8CB64940B5DE2868F49FEFBFF365DD66B0B64940),
	('RG2 6', 'RG 2 6', 'RG2', 'RG 2', 'RG', 23, 1.3192404416126, 0.50936158214312, 470706.498, 169478.001, -0.983044, 51.419408, _binary 0x0000000001030000000100000012000000B5DE2868F49FEFBFF365DD66B0B649404553B1A2A462EFBFEE6518FB8CB64940EF041138DF58EFBF92FDD0D14BB649406E2CB30F077CEFBF59F021B12EB649400A7FB5F08D7FEFBFBDF74B9005B649405DF082B89768EFBF565C91DDD8B54940253C872C4253EFBFBCAC8BE804B64940B5A9A5564047EFBF9EB11FABC3B549408908D7B8684FEFBF94C2203894B549408C6E508ED735EFBF06DDD0957FB549408397DE08A71EEFBF792F7E3A13B5494032A7EDFEBE1BEFBFC16A6D4BCDB44940FB96867B0D8DEFBFFD6EE84464B54940961E4315BEDCEFBF43C851ADB0B54940A7F14D2243E8EFBF477385860BB64940EED0ECF3B0E0EFBFC5C3112911B649409D0E84E68FD9EFBFA9E2ACA35CB64940B5DE2868F49FEFBFF365DD66B0B64940),
	('RG2 7', 'RG 2 7', 'RG2', 'RG 2', 'RG', 230, 2.4080009888961, 0.92973437958512, 472660.5, 171306.498, -0.95457, 51.435601, _binary 0x0000000001030000000100000018000000C5256C350302EFBF73C476AACDB64940DD6DB40821F4EEBF99823F8932B7494037A74EEE9CFAEEBF87E84FEF70B74940B22DC18358F5EEBFDF684A14E8B74940342B3FDF94EDEEBFCC7B593524B84940BC4BCEF425D9EEBF6909E5BC2BB8494012BD52D5D7E0EEBFEABF3F83E1B84940A9227363ACBCEEBF532C3417F3B849403E9CE217C48CEEBF2E6CF432A9B84940B13E9E7DB03BEEBF788D7B3EE7B74940EA0BC856BE2FEEBF678E431ECCB74940BB8B21976935EEBFD5576FC43AB7494076F9B573FE3FEEBF29F459A62AB749408D50B71C9834EEBFDDCA9A3A25B74940827BF5C4F035EEBFCA5A6A1B08B7494025EAE37DDB3FEEBF806FE1ED04B74940FFF9E4041B3CEEBF15A62C39EDB649406BF7FA721649EEBF88C4879BC0B6494050F3D8E7E87EEEBFF2FBF4DBB0B64940FBFC46D28EB1EEBF5AB21F6EB4B649409D2D1C3C11BAEEBF7412BD2FEEB64940429EA0679CD0EEBFACEF099FE7B649401E11159147E4EEBF1CB39CA7BFB64940C5256C350302EFBF73C476AACDB64940),
	('RG2 8', 'RG 2 8', 'RG2', 'RG 2', 'RG', 232, 2.4360409994167, 0.9405606881727, 472682.996, 169576.998, -0.954602, 51.420048, _binary 0x00000000010300000001000000170000008397DE08A71EEFBF792F7E3A13B54940B22B968AD402EFBFAAC16061FDB54940C5256C350302EFBF73C476AACDB649401E11159147E4EEBF1CB39CA7BFB64940429EA0679CD0EEBFACEF099FE7B649409D2D1C3C11BAEEBF7412BD2FEEB64940FBFC46D28EB1EEBF5AB21F6EB4B6494050F3D8E7E87EEEBFF2FBF4DBB0B649406BF7FA721649EEBF88C4879BC0B64940FFF9E4041B3CEEBF15A62C39EDB64940D4DD3F427F25EEBF35BBB658EAB649409CB62C686023EEBF8C2F09A798B649401739D47CAB12EEBF051E168E6BB649402CA5671F0417EEBFD639877159B6494074CB31E44F31EEBFE302605941B649408A3AAB395053EEBF1B925EF049B64940282BE85EF16FEEBF419FF6DFF7B54940192194BE4492EEBFE2B2C3CD74B54940B2432647D693EEBFDBF0F868DDB449408697ECBA81B0EEBFBA7597ABC0B44940BBE62F3567EAEEBF4AF4DC0CB6B4494032A7EDFEBE1BEFBFC16A6D4BCDB449408397DE08A71EEFBF792F7E3A13B54940),
	('RG2 9', 'RG 2 9', 'RG2', 'RG 2', 'RG', 192, 17.531892913858, 6.7691016973756, 475029, 167153.502, -0.921378, 51.397953, _binary 0x000000000103000000010000003C000000B2432647D693EEBFDBF0F868DDB44940192194BE4492EEBFE2B2C3CD74B54940282BE85EF16FEEBF419FF6DFF7B549408A3AAB395053EEBF1B925EF049B6494074CB31E44F31EEBFE302605941B649407DDA76721443EEBF376132F107B649406EB183324252EEBF1C690C4690B54940E4C7AC323D4DEEBFD0616ACE73B549404B4F6B6B065BEEBF8F6DD0CA5EB5494017A9068F7162EEBF390B70250DB549402CEE9F66E809EEBF8C6692F792B549401E5C821D9FD8EDBFE3E1CAADC2B54940255298888CA2EDBF0E287E36D6B54940C9527A79C74CEDBFFC281143C2B54940BE0576A47C0BEDBFFE8F3C0FDAB54940263996BF861BEDBF037481A3AFB549401D82A24E4B13EDBFD97555025EB54940273148BCF802EDBFB219692655B54940A080182AE6D9ECBFFA7DE0A3FFB44940DC51D8651BA5ECBF4A5F4F1C16B549402B0174309EAEECBF2124AEE9A5B44940BA0A219879A2ECBFEE8C56E26CB449401FE0CCA57440ECBF3C1CC68CD5B34940644A6F6D203FECBF9D553A0167B34940695DE9A9915DECBFAFFCEE3623B34940A0CB59C9FD9CECBF1D0FB19D04B349402F6158B9ACB2ECBF5639D012A0B249408224C53CDB79ECBFE5DE2D6983B2494030563C8D53A0ECBFDAD0525A4EB24940D824FAA605AFECBFEF16622652B24940BC24FAE910C6ECBF9105EF9CF5B149402ADABE7DF6B9ECBF44CC616ECAB1494012C4193741BAECBF04FEC8D399B14940275BBBB383A7ECBFA76FD25976B149402BC19739166EECBF460881844BB1494095AABD01615CECBF2137E75719B14940157159D3B0C3ECBFC2D1CA9570B04940CA290AB0C1DBECBF04C00A8A2CB04940E5C81B0C92EFECBF62CD4377AFAF4940CD4E34F6B8F3ECBFA38FB9F447B04940904E0CE4240DEDBF1573DD0EBFB049404B99B6E2AA0FEDBFED3ADD5019B14940CFE377F02E6FEDBFFECDACC44DB14940A952EB5B7A83EDBF49C114EF31B1494066880CF49D8AEDBF5144D67BB1B1494013CC32A330B4EDBF706AAD715EB14940C4AD600754F5EDBFE32E4F9C2FB14940760AFFE49F2EEEBFBF1CA4CD72B149409276AB23ED53EEBFC5B5B51EC8B14940A0ED97849490EEBF69123C3117B2494097AAF12A4BA5EEBFE785089C6BB249403D9A558CB5B6EEBF324FFDC758B24940F06D0692EBC0EEBF0A6B5C5E73B249409A488C4787C8EEBF33FEDAC3B9B24940508CF862E1AEEEBFBCD61DE8B5B2494058F90599B6ACEEBF426F85CE8DB3494028D75B657CC8EEBF05D830E9CFB34940FA63862630CFEEBF6C2C84D84EB4494038EEF9E2E5B0EEBF725A1DBD7BB44940B2432647D693EEBFDBF0F868DDB44940),
	('RG26 3', 'RG26 3', 'RG26', 'RG26', 'RG', 207, 8.2028350415477, 3.1671323157092, 460511.501, 161161.002, -1.131074, 51.345805, _binary 0x0000000001030000000100000007000000461E5EBADEC7F1BFE0B174EBC3AD49403FBE2E52E633F2BFE0B174EBC3AD49405D40C6BE6F19F2BFA50BE596D2AD49409C6904409C15F2BFB95F185605AE49401263CE817D04F2BF74E3AD4A37AE4940C52ECD78DCDAF1BF4210531777AE4940461E5EBADEC7F1BFE0B174EBC3AD4940),
	('RG26 4', 'RG26 4', 'RG26', 'RG26', 'RG', 121, 2.3319341104326, 0.90036479361679, 459070, 161941.499, -1.151642, 51.352975, _binary 0x000000000103000000010000000E000000DEA19FDF944FF2BFE0B174EBC3AD4940D8CAF7D3EB94F2BFE0B174EBC3AD49406CE8DB972592F2BFE777C512EDAD494020170323BF9AF2BF10C35EE501AE49407BCD1645C68FF2BF9C8371505CAE4940554A654D9C87F2BF2F23F89C3CAE494013783AE78A6AF2BFDF90A20872AE49407EB8AE7C8466F2BF536316BB49AE4940055BE5234C61F2BF13F961485CAE49401A36B54CA35BF2BF91AE4B942EAE49402E165D2CA351F2BF850214A147AE4940EDEAF7B3694EF2BFAA15DD5710AE49406AFC78A39757F2BF219C5411F6AD4940DEA19FDF944FF2BFE0B174EBC3AD4940),
	('RG26 5', 'RG26 5', 'RG26', 'RG26', 'RG', 286, 80.625779612685, 31.129787542625, 459466.002, 157164.001, -1.146753, 51.309975, _binary 0x0000000001030000000100000006000000D8CAF7D3EB94F2BFE0B174EBC3AD4940000A7F89C59EF2BFE0B174EBC3AD4940000A7F89C59EF2BF57BA90E706AE494020170323BF9AF2BF10C35EE501AE49406CE8DB972592F2BFE777C512EDAD4940D8CAF7D3EB94F2BFE0B174EBC3AD4940),
	('RG27 0', 'RG27 0', 'RG27', 'RG27', 'RG', 219, 55.848012968807, 21.563038357563, 474372.744, 160141.999, -0.932278, 51.334998, _binary 0x0000000001060000000200000001030000000100000009000000FF0807D3FE94EFBFE0B174EBC3AD4940D27895131F94EFBF1482BB5FCFAD49403430F0FF4C93EFBFA608E6B10EAE49403520794EC09CEFBF760734AC32AE49403B2B4D8C537CEFBF30DBE66114AE4940DD0815679134EFBFAC9812E211AE4940A49D1139DF10EFBF2A995FECEFAD4940717837F30D15EFBFE0B174EBC3AD4940FF0807D3FE94EFBFE0B174EBC3AD49400103000000010000001200000093BC8F635872ECBFE0B174EBC3AD4940F9E307FF6A1CEEBFE0B174EBC3AD494037FDB0CF1610EEBF84B8819422AE4940977861A2B611EEBF939038C263AE494051B876324FFCEDBFD5D92620B3AE4940D3546D3115C4EDBF70622D9BAFAE4940505009B5F391EDBF309C2633D8AE4940FB251EEF715EEDBF84879766AAAE49402CB5E1611D63EDBF317018A774AE4940808E8E978F3DEDBF24CD91AE77AE49402C098330823DEDBF0CE56B8E94AE494097C322586D32EDBFF08B79F997AE4940CBF8F9650A04EDBFA53B7F6688AE49401C1AF02A8DEFECBFE1672BE93BAE49401BA5C3B5D4CEECBF431375E329AE49401BEA8B4A268FECBF28E882BCCCAD4940984E1A728D76ECBF05B601DECDAD494093BC8F635872ECBFE0B174EBC3AD4940),
	('RG30 1', 'RG30 1', 'RG30', 'RG30', 'RG', 160, 1.9356521020743, 0.74735945479811, 469793, 174148.999, -0.99526, 51.461519, _binary 0x00000000010300000001000000180000002ADD5B86033BF0BF0AA476D3FCBA49408CBA96694339F0BF265192A237BB494077BDF06E8C29F0BFE1AB883F43BB494098C55587B521F0BF9909D29E2CBB494004088074E41BF0BF929F5963A7BB4940D09280E6B41DF0BFCC93D56F03BC49404CA1F02FC105F0BF6C4F32EB1CBC4940C69D920DF7B6EFBF78B200B2C3BB4940940C6C8D3A5AEFBFC6AC58AAA0BB49402D834F940F54EFBF9C1908CC7CBB4940F859B5518396EFBF579D8CEC5CBB49409D2F8562DBA2EFBFCC8B7C1B39BB4940B563210369A5EFBF23F5CD1DEBBA49408351FDA13D95EFBF010C5ACCEDBA4940A8E2FEC391B7EFBF0F2045742ABA494010429AFD7DCCEFBF6336B01761BA4940488AD7D20114F0BF24CB24E3B2BA4940F0B75FA5EC14F0BF33B8E71091BA49406644CAB74219F0BF29E53DC99ABA4940B6A358904720F0BFE5F62FE8DABA49404E481CADD929F0BFAFD8B866E9BA494067339E15DF30F0BF8E0B002013BB4940628EBED14538F0BF35E57BBDF1BA49402ADD5B86033BF0BF0AA476D3FCBA4940),
	('RG30 2', 'RG30 2', 'RG30', 'RG30', 'RG', 230, 2.1279478486606, 0.8216052576336, 468965.001, 173062.001, -1.00739, 51.451847, _binary 0x000000000103000000010000002100000048AAF3EAA63FF0BF37B4FD1BEEBA49402ADD5B86033BF0BF0AA476D3FCBA4940628EBED14538F0BF35E57BBDF1BA494067339E15DF30F0BF8E0B002013BB49404E481CADD929F0BFAFD8B866E9BA4940B6A358904720F0BFE5F62FE8DABA49406644CAB74219F0BF29E53DC99ABA4940F0B75FA5EC14F0BF33B8E71091BA4940488AD7D20114F0BF24CB24E3B2BA494010429AFD7DCCEFBF6336B01761BA4940A8E2FEC391B7EFBF0F2045742ABA49401D4CFB8586BDEFBF78992D3BDFB94940186E9B5ADACDEFBF4C91A2D553B94940BDDC8C705ADCEFBF77960CBE53B949406A71635969E5EFBF1BE96F462CB9494020B48C41F3FDEFBF4111F0B128B9494049D4759F5D04F0BF0EE7C43D09B94940B2C9066DEA08F0BFABDBC72530B94940C9A07BAA4E54F0BF11167CABBFB849400DED8F1A0659F0BF3EAAE519BFB84940DDEBA8D15059F0BF6FCB1E1AD6B8494014C2CF016D62F0BFF5B97C73C9B84940D9A8FDC2DC69F0BF56373A86C5B8494021CE2040C66BF0BF0FC27720E8B8494095E865DF5755F0BF2E409AF8DEB8494004DFF3B6C232F0BFEA8BD1EB72B94940001F1C27E138F0BF2183FADDB8B9494098C4D99A7D3FF0BF6F13747BB5B9494016E74989283DF0BF536D3BCCD7B9494080CD245F312FF0BF9295B69401BA4940FB9BF8BBD333F0BF9BB07E8E4BBA4940CAB7B1462F3FF0BF73F3E0FF7EBA494048AAF3EAA63FF0BF37B4FD1BEEBA4940),
	('RG30 3', 'RG30 3', 'RG30', 'RG30', 'RG', 221, 16.402640457852, 6.3330948865725, 468100, 170023.5, -1.020422, 51.424632, _binary 0x00000000010300000001000000460000006B04817357E0F0BFCAE2222396B7494045964C3AD7C7F0BFC9F219FBBEB749404290454E25C2F0BF51259053E4B7494077F9E4FF29A9F0BF7F04D97626B8494079A74FE2BF7CF0BF2F261724C6B74940F5AEAAF7A464F0BF31DEF8E1DDB749403E538BCC0D66F0BF70231ED390B8494014C2CF016D62F0BFF5B97C73C9B84940DDEBA8D15059F0BF6FCB1E1AD6B849400DED8F1A0659F0BF3EAAE519BFB84940C9A07BAA4E54F0BF11167CABBFB84940B2C9066DEA08F0BFABDBC72530B9494049D4759F5D04F0BF0EE7C43D09B9494020B48C41F3FDEFBF4111F0B128B949406A71635969E5EFBF1BE96F462CB94940BDDC8C705ADCEFBF77960CBE53B94940186E9B5ADACDEFBF4C91A2D553B9494027FD0A333DE3EFBF58FFEF4289B84940E1D1BADDEEDDEFBF6371EE1F1EB849404ACAA4919AC3EFBFA16581A626B8494021803526F39EEFBF3F89153A91B84940383F69628A6BEFBF73D008ACA9B84940C0D467128244EFBFCAF622626DB84940F31E0301A34BEFBF4E18CBFAA4B74940B8CA2A153D74EFBF0651BACC84B74940C9822EE00389EFBF560F29AA93B74940B5DE2868F49FEFBFF365DD66B0B649409D0E84E68FD9EFBFA9E2ACA35CB64940EED0ECF3B0E0EFBFC5C3112911B64940A7F14D2243E8EFBF477385860BB64940961E4315BEDCEFBF43C851ADB0B549407F90D109C6D9EFBF46E5827774B549400EDE40298802F0BF719DAE746AB5494010A0CB4E641EF0BF37FF10AE80B549409E780C430C2DF0BFBFA95F0259B54940C41A6BA31D44F0BF96C8C82377B549409AE0CC006130F0BFE4BE97219EB4494096BEDB5F9632F0BF0CBD0B7A67B4494004027F29123DF0BFFF348F4C25B44940C036EDB86D51F0BF51F4C5422CB4494044DC37AB3961F0BFC4C89D89E4B349409980BBC81F70F0BFD5B28640CEB349402689CB1AB179F0BF070E443297B34940995A58F1C392F0BF31BDD9AEDEB3494001C9CB0D63A6F0BF4AC437FFACB349408571FB365FBAF0BFB0A5C20DE8B349408AC9988F4BC2F0BF3787B9AA1FB44940596BBA5B47D2F0BF98B4F408D2B349400D452331AFDCF0BFDEB576E9C1B34940BCACAD626DEBF0BF36682F6AD0B3494082A11F27B1F7F0BF85B9402F85B34940BD3B0759A3FFF0BFFF2E6B8AB4B34940A192EE9AE306F1BF4E7F906FDFB34940F5D55B028D02F1BF2312084662B44940BE3D66A78EFBF0BFEC47758173B4494039EAB4929904F1BFE0AE8D53DAB4494091B4C4F4E610F1BF7AB70E6F0BB5494056C37CB3920CF1BF165835382EB54940E85F9794C7FEF0BF2A61585932B54940F965EAEC94FDF0BFDFF45A2C7FB54940219B989564F7F0BF43690BD297B54940AC6D6E42FC01F1BF5A37E3FFC9B54940CA06E5FBE2FDF0BFF0804846EEB54940062266E8A801F1BFD341130BEDB549403DDA4A78A900F1BFBA6B6BC802B64940775FB772A8FAF0BFF0064CE817B6494019D0E7AB9EB7F0BFEC4FA7172EB64940F2CC53F268A8F0BF42DAE07B5FB649405844652ECCA1F0BF4C45EFBA91B649406B04817357E0F0BFCAE2222396B74940),
	('RG30 4', 'RG30 4', 'RG30', 'RG30', 'RG', 252, 2.9525514159214, 1.1399864748948, 467571.998, 173092.002, -1.02743, 51.452285, _binary 0x000000000103000000010000001E0000000F1FB870C9B9F0BFB388524216BA4940E22A573CD0B7F0BF3BAF02684EBA49403F61CFE67DADF0BF3B98B5C666BA4940939219F4D4A4F0BF2F9DE1EAA7BA494014161320A6A1F0BF155D2BA59CBA4940724E875B9993F0BF1F4B8FEBF1BA4940553442121D96F0BF17D62ABFF9BA49408DE873FF8E94F0BF9E1F973002BB494016E756343B89F0BF28143FCDC1BA494082C8D3F31A84F0BFE9BCE8F8D6BA4940802D5187D978F0BF5B339DA7BEBA49408A0395B61D66F0BF8028B762CFBA49409C59829AAD5CF0BF42BAEED18EBA4940DE106FC06F53F0BF082E8F969FBA4940D044769AB456F0BFEA64A1C9D7BA4940F365F085D84AF0BF1E892F5107BB494048AAF3EAA63FF0BF37B4FD1BEEBA4940CAB7B1462F3FF0BF73F3E0FF7EBA4940FB9BF8BBD333F0BF9BB07E8E4BBA494080CD245F312FF0BF9295B69401BA494016E74989283DF0BF536D3BCCD7B9494098C4D99A7D3FF0BF6F13747BB5B94940001F1C27E138F0BF2183FADDB8B9494004DFF3B6C232F0BFEA8BD1EB72B9494095E865DF5755F0BF2E409AF8DEB8494021CE2040C66BF0BF0FC27720E8B84940049FA2153792F0BF74B099C17FB9494028A945472DADF0BF833265EF5FB9494029F72CF515BEF0BF9F125BDEA6B949400F1FB870C9B9F0BFB388524216BA4940),
	('RG30 6', 'RG30 6', 'RG30', 'RG30', 'RG', 113, 1.6068523366314, 0.62040915563235, 468070.499, 174400.002, -1.020005, 51.463986, _binary 0x00000000010300000001000000190000008DE873FF8E94F0BF9E1F973002BB49401066CE82D08EF0BF21A284ED21BB4940E73325260E89F0BFC2423BC51ABB4940F85C3A89CA89F0BF7615BAB33CBB4940B75D6B8AF27DF0BFE3386FBE7CBB49407B26B73CB380F0BF94001A96C6BB49403EA0DE35056DF0BF2B362C245CBC4940AFCD98974349F0BF63B3B561C9BB4940E89892CD0137F0BFFC2610CAC0BB4940D09280E6B41DF0BFCC93D56F03BC494004088074E41BF0BF929F5963A7BB494098C55587B521F0BF9909D29E2CBB494077BDF06E8C29F0BFE1AB883F43BB49408CBA96694339F0BF265192A237BB49402ADD5B86033BF0BF0AA476D3FCBA494048AAF3EAA63FF0BF37B4FD1BEEBA4940F365F085D84AF0BF1E892F5107BB4940D044769AB456F0BFEA64A1C9D7BA4940DE106FC06F53F0BF082E8F969FBA49409C59829AAD5CF0BF42BAEED18EBA49408A0395B61D66F0BF8028B762CFBA4940802D5187D978F0BF5B339DA7BEBA494082C8D3F31A84F0BFE9BCE8F8D6BA494016E756343B89F0BF28143FCDC1BA49408DE873FF8E94F0BF9E1F973002BB4940),
	('RG31 4', 'RG31 4', 'RG31', 'RG31', 'RG', 98, 1.5655156445335, 0.60444896958634, 465873.998, 172456.504, -1.051984, 51.446771, _binary 0x000000000103000000010000001000000084EB52D96F09F1BF4A4D3B9FCFB8494065CE15002906F1BFEB30F1C739B949401BD34D5118FCF0BFD5AED35990B94940B780AEC849F3F0BFE577EBCD99B9494052997DBEEEDBF0BF03FD406FE3B94940564880AF2DD8F0BFF1E281CA09BA49400F1FB870C9B9F0BFB388524216BA494029F72CF515BEF0BF9F125BDEA6B9494028A945472DADF0BF833265EF5FB949400690E8F54FACF0BFE28FE030A4B84940E7CF1F0CC4CBF0BF6047A04394B84940CE7866BD0DD0F0BF7D7742786CB84940F25FEAEB64E4F0BF4F95101269B849407A01E7A954F0F0BFD847D18F73B849405B719A2A30F6F0BFD3190970C6B8494084EB52D96F09F1BF4A4D3B9FCFB84940),
	('RG31 5', 'RG31 5', 'RG31', 'RG31', 'RG', 170, 1.6814954932471, 0.64922903952211, 466171.364, 173717.498, -1.04747, 51.458075, _binary 0x0000000001030000000100000018000000FF94A6F885EBF0BFEA61EA32D0BB4940C5425EC729E7F0BF0CA7A30DB8BB4940E53965CE47F0F0BF96D6DBE7A9BB4940E2C5AA636EE8F0BFC4F3A6AD7EBB49408BCA3128F6C5F0BFEF6A86118CBB4940E966A1BB2BC4F0BF5414E21E67BB494046042E1C05A4F0BF6770123240BB4940553442121D96F0BF17D62ABFF9BA4940724E875B9993F0BF1F4B8FEBF1BA494014161320A6A1F0BF155D2BA59CBA4940939219F4D4A4F0BF2F9DE1EAA7BA49403F61CFE67DADF0BF3B98B5C666BA4940E22A573CD0B7F0BF3BAF02684EBA49400F1FB870C9B9F0BFB388524216BA4940564880AF2DD8F0BFF1E281CA09BA494052997DBEEEDBF0BF03FD406FE3B94940B780AEC849F3F0BFE577EBCD99B949405E4AD30CF9FDF0BFA2935DE8F5B94940BBB951C094FBF0BFF0C5B1FC41BA49400BEFBD66A9E0F0BFA6AEDB2407BB49401FCD9824E5E8F0BF63ED4BFC53BB494092B0C06698FCF0BF5E7A4A5D96BB494093D8EFD04EF5F0BF77D2EEB5D1BB4940FF94A6F885EBF0BFEA61EA32D0BB4940),
	('RG31 6', 'RG31 6', 'RG31', 'RG31', 'RG', 215, 2.8193705651697, 1.0885650609431, 466584.5, 175046.003, -1.041273, 51.469971, _binary 0x0000000001030000000100000019000000713B382F7E8FF0BF5075090BD6BC49403EA0DE35056DF0BF2B362C245CBC49407B26B73CB380F0BF94001A96C6BB4940B75D6B8AF27DF0BFE3386FBE7CBB4940F85C3A89CA89F0BF7615BAB33CBB4940E73325260E89F0BFC2423BC51ABB49401066CE82D08EF0BF21A284ED21BB49408DE873FF8E94F0BF9E1F973002BB4940553442121D96F0BF17D62ABFF9BA494046042E1C05A4F0BF6770123240BB4940E966A1BB2BC4F0BF5414E21E67BB49408BCA3128F6C5F0BFEF6A86118CBB4940E2C5AA636EE8F0BFC4F3A6AD7EBB4940E53965CE47F0F0BF96D6DBE7A9BB4940C5425EC729E7F0BF0CA7A30DB8BB4940FF94A6F885EBF0BFEA61EA32D0BB49402FC70BBF6DF1F0BF4A2386AD28BC4940F5D5290061EEF0BF74D97D94C2BC49409B4709604BE5F0BFA35018CA35BD49408025F81EC3D5F0BF8B7255A526BD494075D1D185B5CEF0BF141FB31978BD4940AD607CF2BBC6F0BFA74CC93266BD4940AA763B68C1BDF0BFC2ECB311FABC4940DFD978281E93F0BFE3E33A48B5BC4940713B382F7E8FF0BF5075090BD6BC4940),
	('RG31 7', 'RG31 7', 'RG31', 'RG31', 'RG', 127, 2.4797610650688, 0.95744109989258, 466341.501, 171847.498, -1.045372, 51.441241, _binary 0x0000000001030000000100000016000000EC63C5E8761DF1BF5302D84E8EB8494084EB52D96F09F1BF4A4D3B9FCFB849405B719A2A30F6F0BFD3190970C6B849407A01E7A954F0F0BFD847D18F73B84940F25FEAEB64E4F0BF4F95101269B84940CE7866BD0DD0F0BF7D7742786CB84940E7CF1F0CC4CBF0BF6047A04394B849400690E8F54FACF0BFE28FE030A4B8494028A945472DADF0BF833265EF5FB94940049FA2153792F0BF74B099C17FB9494021CE2040C66BF0BF0FC27720E8B84940D9A8FDC2DC69F0BF56373A86C5B8494014C2CF016D62F0BFF5B97C73C9B849403E538BCC0D66F0BF70231ED390B84940F5AEAAF7A464F0BF31DEF8E1DDB7494079A74FE2BF7CF0BF2F261724C6B7494077F9E4FF29A9F0BF7F04D97626B849404290454E25C2F0BF51259053E4B7494045964C3AD7C7F0BFC9F219FBBEB749406B04817357E0F0BFCAE2222396B7494060D64F49F50CF1BF070F81AF33B84940EC63C5E8761DF1BF5302D84E8EB84940),
	('RG4 5', 'RG 4 5', 'RG4', 'RG 4', 'RG', 112, 1.2641198246223, 0.48807939294296, 472428.5, 175007.499, -0.95715, 51.468907, _binary 0x000000000103000000010000001800000047472A76CBADEEBF6B63520D19BD49405668EFCE646DEEBF8793EFE55EBC494012034B24DE90EEBF04BBF4723ABC4940770DAD4781D4EEBF395281505ABC4940894167B944F0EEBF0BA9F42852BC49401880FE4B1AFFEEBF258BA3E341BC49408CBF71B33600EFBFA1AFC83F0FBC4940A9478964C8F3EEBFFC535ABB02BC49404F56BB66A3A6EEBF46E7A0422EBC49406DA363C9DD80EEBFB4ED3D710ABC4940E27536C7E95FEEBF16CF53B112BC494081E91A4CDC50EEBF90F24D2BB9BB4940E00CA72AF383EEBFDBA2078F8BBB4940A44B7529EA92EEBF765876D011BB4940DF62CFA08BA1EEBFDE8EF6E524BB4940674E1AE11B9AEEBFDBC8C44664BB4940CA53ECE943ADEEBF2AA0E33B5BBB49401CCD6CCF43B3EEBFE5AFFCF99BBB4940DC85F1180B03EFBF9ADAF496D0BB49403034F970AE0AEFBF47711169FFBB4940C094F988FFFFEEBF602C204E74BC49403C95683C55E3EEBF1D2E5C72C8BC4940F2E9AECC67DDEEBF37866C4C0CBD494047472A76CBADEEBF6B63520D19BD4940),
	('RG4 6', 'RG 4 6', 'RG4', 'RG 4', 'RG', 180, 9.4703910233632, 3.6565384163615, 474799, 175705.499, -0.922877, 51.474874, _binary 0x0000000001030000000100000035000000770DAD4781D4EEBF395281505ABC494012034B24DE90EEBF04BBF4723ABC49405668EFCE646DEEBF8793EFE55EBC494047472A76CBADEEBF6B63520D19BD4940CAA7845941A3EEBFA9B154629CBD4940DE150E3F3AC5EEBF49741C009DBD49407911B8C719CEEEBFDA9DA724C2BD4940EF732F251B99EEBF0FB1992AD3BE49402FE3D30C7C8FEEBF30D48CF0F2BE494035822032917AEEBF0EE0322DA6BE4940661D0D57B744EEBF10738A5A5CBE4940AD0E4F83662CEEBF3BC8B28EE3BD4940ACA0E84E492CEEBF594A91ADA5BD4940CC81CD6558E1EDBF32206F3B31BD4940EC2CFB0308D1EDBF0C226E1E37BD4940DF5818D2E0D7EDBFD81C4B854ABD494048839D7067C8EDBF1C1712D19EBD49407F1DB70D38A4EDBF972EDAE011BE494085A17F0E9E99EDBF127FF918FBBD4940049483948989EDBFD80EE6B360BD4940E4FBE63EBB3DEDBF07C81E91E1BC4940A697F6E9BC2DEDBF9640081701BD4940E5614D81E0D4ECBF95342D16A5BC4940293EA91996BBECBFDE68FAB7C0BC4940B76887F7AC85ECBFA02FCDA1C1BC49405C7086124A64ECBFC815097E61BC4940EE753EEA914BECBF651C06A26CBC4940F330FA316E3EECBFDC60A2C84DBC49400A37D7ED7B2BECBFF34FA54620BC494008366E85EC60ECBF6967123FBDBB4940BEF90FDEA784ECBF4868DC29D1BB49404530554EC7ADECBF19C7C5AFC3BB4940410E70B128DCECBF9A59BFC134BB49400083A8F339E0ECBFEE7AC05F52BB494038297F76F74CEDBF4D71E2AD00BB4940B36092644255EDBF0204FC2BE6BA49402CB70E5AC06CEDBFF2858ABCE1BA4940C42080AD4D9AEDBF0EE57EDB17BB4940784AFF1AACC9EDBFADD44AAD09BB4940B950349953E0EDBFCC67AE971BBB4940FF30318DF327EEBF31AEAC9FEABA494068D7FB378863EEBF858B847AD0BA4940A44B7529EA92EEBF765876D011BB4940E00CA72AF383EEBFDBA2078F8BBB494081E91A4CDC50EEBF90F24D2BB9BB4940E27536C7E95FEEBF16CF53B112BC49406DA363C9DD80EEBFB4ED3D710ABC49404F56BB66A3A6EEBF46E7A0422EBC4940A9478964C8F3EEBFFC535ABB02BC49408CBF71B33600EFBFA1AFC83F0FBC49401880FE4B1AFFEEBF258BA3E341BC4940894167B944F0EEBF0BA9F42852BC4940770DAD4781D4EEBF395281505ABC4940),
	('RG4 7', 'RG 4 7', 'RG4', 'RG 4', 'RG', 238, 15.66289087426, 6.0474759755668, 468697, 177237.5, -1.010434, 51.489423, _binary 0x0000000001030000000100000027000000E18E96E2BBD4F0BFC59289D1F7BE4940CFDADF6AA7C6F0BF73264CF577BF494086EBFF07C7B9F0BF7110D310A3C0494001C12CD6978CF0BF6395446BD3C1494094CFC0441A85F0BF50347C28D1C1494044C4B7ABD97BF0BF09E0FE0B9FC14940CF5050C01C61F0BF68EAF1735CC14940414C9985A166F0BF81C9413B3BC14940D6624185FB56F0BF1D072D05FCC04940ACF81B076441F0BF93FA19B5E2C04940C6395C888A22F0BFA736BC7C6FC04940F2C17DE05006F0BFFD518A99F0BE49408400E5BB3FD5EFBFF90C0A23F8BE4940E4CA673FFCD7EFBF79C9A5DB88BE4940E983BBD1F8C8EFBF82561B3338BE49405393B1C225BCEFBF13DD285B1CBE49406870A67B6E94EFBFC9BBE7B729BE494077B8BBB48F79EFBFCEBAF9270FBE494049FA477B936DEFBF6D4416A2B1BD494000837826B55DEFBF1FBB24EE7CBD49406FFE813C9843EFBF688D3B235ABD4940555F27E93C25EFBFB5916815B9BC4940585BD0CB2021EFBFABF983AB22BC4940BAD2EAEECF29EFBF2F0AA849EBBB49402BBA087D2D3BEFBF229ABE37FBBB4940C611B8670246EFBFE9042A0F95BB4940940C6C8D3A5AEFBFC6AC58AAA0BB4940C69D920DF7B6EFBF78B200B2C3BB49404CA1F02FC105F0BF6C4F32EB1CBC4940D09280E6B41DF0BFCC93D56F03BC4940E89892CD0137F0BFFC2610CAC0BB4940AFCD98974349F0BF63B3B561C9BB49403EA0DE35056DF0BF2B362C245CBC4940713B382F7E8FF0BF5075090BD6BC4940DC9D77130AA0F0BF95FEA67123BD4940E9FF43710C9AF0BF2E65EF23FABD49407CF5881406A4F0BFC2D550B651BE494075520C3D67AFF0BF96B9A0B297BE4940E18E96E2BBD4F0BFC59289D1F7BE4940),
	('RG4 8', 'RG 4 8', 'RG4', 'RG 4', 'RG', 248, 3.405411709457, 1.3148368117471, 471633.503, 175874.995, -0.968418, 51.476808, _binary 0x000000000103000000010000002200000077B8BBB48F79EFBFCEBAF9270FBE49400BEC29344C4DEFBF7B741A2328BE4940FB94CC924956EFBFDCD7DF27CDBE4940B72D9B32DF2FEFBFC8111E3503BF4940D047A692930CEFBF247C3CBFC6BE49400D67794C25C8EEBF938897852DBF494071D1A19FE19EEEBF1603E40C27BF4940EF732F251B99EEBF0FB1992AD3BE49407911B8C719CEEEBFDA9DA724C2BD4940DE150E3F3AC5EEBF49741C009DBD4940CAA7845941A3EEBFA9B154629CBD494047472A76CBADEEBF6B63520D19BD4940F2E9AECC67DDEEBF37866C4C0CBD49403C95683C55E3EEBF1D2E5C72C8BC4940C094F988FFFFEEBF602C204E74BC49403034F970AE0AEFBF47711169FFBB4940DC85F1180B03EFBF9ADAF496D0BB49401CCD6CCF43B3EEBFE5AFFCF99BBB4940CA53ECE943ADEEBF2AA0E33B5BBB4940674E1AE11B9AEEBFDBC8C44664BB4940DF62CFA08BA1EEBFDE8EF6E524BB49406C7ABF900ABFEEBF30D4250937BB4940E8B42E6E02F9EEBF5E414E1901BB4940A065F040C30FEFBF9D8B17092CBB49400523A4258E11EFBFDBF2A9CF51BB4940C611B8670246EFBFE9042A0F95BB49402BBA087D2D3BEFBF229ABE37FBBB4940BAD2EAEECF29EFBF2F0AA849EBBB4940585BD0CB2021EFBFABF983AB22BC4940555F27E93C25EFBFB5916815B9BC49406FFE813C9843EFBF688D3B235ABD494000837826B55DEFBF1FBB24EE7CBD494049FA477B936DEFBF6D4416A2B1BD494077B8BBB48F79EFBFCEBAF9270FBE4940),
	('RG4 9', 'RG 4 9', 'RG4', 'RG 4', 'RG', 197, 21.438847017554, 8.277585110139, 471031.498, 179794.004, -0.976297, 51.51212, _binary 0x000000000103000000010000004A0000006D1F37B96A24F0BF8215B66089C549403434C239F81FF0BF360AEE703DC54940A54E49798E35F0BFF643EFE906C5494034BBBAD63557F0BF9BC853D7F4C44940FC3FED747057F0BF5B80A2689FC44940D1985F66DA4FF0BFA98AD18267C44940611C6DDACA0FF0BFCB2D70C821C449409772DFBC17F6EFBFA65B2814BDC349404127701DF5D6EFBF66BAEA87B5C34940F53A995C44C0EFBF903A92908DC3494038A4944673D3EFBF1246283059C3494051FDA25A98BDEFBF19843F901AC349403010113828B3EFBFEC33788D38C3494062B6F5DACF67EFBFA618FB92A5C24940D43E8C8B3F58EFBF0C6445EDCBC24940EF5D287D484EEFBF08A6A434BFC2494000B13154783BEFBF9164577A1AC34940D1BFBF79B6F5EEBF67C726C8ACC249406A397136B1F6EEBF2A7445DF67C249406742B7ED5BB5EEBF510850DB9FC149403B4AE92799D9EEBF15AC403F38C14940B7C8B2492F63EEBFCFF14C49F2BF4940DD935E426942EEBF91D00125C3BF4940272458085E09EEBF109FDADAA1BF494073A8487920D2EDBF0C1D5A9E3EBF49405CAB00ADCB91EDBFA696ADD42DBF4940E931C0F3556BEDBF7390094FF0BE494038FD269D776EEDBF87D08AB5A9BE49407F1DB70D38A4EDBF972EDAE011BE494048839D7067C8EDBF1C1712D19EBD4940DF5818D2E0D7EDBFD81C4B854ABD4940EC2CFB0308D1EDBF0C226E1E37BD4940CC81CD6558E1EDBF32206F3B31BD4940ACA0E84E492CEEBF594A91ADA5BD4940AD0E4F83662CEEBF3BC8B28EE3BD4940661D0D57B744EEBF10738A5A5CBE494035822032917AEEBF0EE0322DA6BE49402FE3D30C7C8FEEBF30D48CF0F2BE4940EF732F251B99EEBF0FB1992AD3BE494071D1A19FE19EEEBF1603E40C27BF49400D67794C25C8EEBF938897852DBF4940D047A692930CEFBF247C3CBFC6BE4940B72D9B32DF2FEFBFC8111E3503BF4940FB94CC924956EFBFDCD7DF27CDBE49400BEC29344C4DEFBF7B741A2328BE494077B8BBB48F79EFBFCEBAF9270FBE49406870A67B6E94EFBFC9BBE7B729BE49405393B1C225BCEFBF13DD285B1CBE4940E983BBD1F8C8EFBF82561B3338BE4940E4CA673FFCD7EFBF79C9A5DB88BE49408400E5BB3FD5EFBFF90C0A23F8BE4940F2C17DE05006F0BFFD518A99F0BE4940C6395C888A22F0BFA736BC7C6FC04940ACF81B076441F0BF93FA19B5E2C04940D6624185FB56F0BF1D072D05FCC04940414C9985A166F0BF81C9413B3BC14940CF5050C01C61F0BF68EAF1735CC1494044C4B7ABD97BF0BF09E0FE0B9FC1494094CFC0441A85F0BF50347C28D1C1494001C12CD6978CF0BF6395446BD3C14940B8548C067E91F0BF23D3BDD6E9C1494087BCEA352C8EF0BFB802BB9C05C249400F42E0508A96F0BF47060AF537C249401814D3B63681F0BF2461CD686AC24940ED866D00F173F0BFCC567A2CA9C249404F7B17E12094F0BFB4FC8AD79AC34940AE96E0E0538BF0BFE003C820B2C34940A6095D178F81F0BFC99CDCB2A5C3494029D61D469670F0BF478B1AE36CC34940ED2F97A05552F0BFA7024AFD8AC3494037FCA3413366F0BF3C919EB405C4494076A869031264F0BF55A6B5CD52C54940FC0DA0CA175EF0BF8215B66089C549406D1F37B96A24F0BF8215B66089C54940),
	('RG40 1', 'RG40 1', 'RG40', 'RG40', 'RG', 320, 3.1934623498268, 1.2330027064922, 482591.498, 168939.001, -0.812267, 51.412955, _binary 0x000000000103000000010000001E0000002336AAD7F1E8EABFE65C0B1BD9B5494091E3136B63A8EABFB1FB5E04D8B54940EB2BA2325A96EABF727BD087B4B5494017ECF8363D88EABF2EB39749C3B549408DCBCF2F5B8DEABF7F4BE112E0B54940B490CEA6287CEABF61F935F3F1B549404201BEF9B84AEABF9FA896A9EAB549402A723D0B2532EABFD67969B4F5B449406012168579FDE9BFCA7203812EB549408F97A2B1CCE3E9BFCC3AF63688B54940838F06897F8CE9BF3280340AD5B4494000C7E2E37D73E9BF4345EB25FEB4494030B5B0FD6A4DE9BF121727E9EFB449400C9EF4ACEE49E9BF44698711B3B4494088B9308EF72AE9BF99F9754434B44940438783B65051E9BF6A435877E2B349400A3209D8F694E9BF333C747FEDB34940BB0C84FC75C3E9BF1605E6E35DB44940C31C7C6E5237EABFA7F24D9F76B44940AFF734C0F835EABF24CCDB6191B449400F95C5FEAE55EABF3FE9615A8DB44940761D3296B55BEABFAF0CEC2FAFB44940D963C9EAAF77EABFD593A2F7B7B449405055B26D45AEEABFD55182C266B44940E1383EFCD1DDEABF19EE6506B7B4494016B8933025D7EABF3EF4126EC3B449408D872DD033E2EABFA7174A7ED8B44940FE5EDB543AE2EABF96C407CAF9B44940DC4D649690D7EABF36DF0FEF4DB549402336AAD7F1E8EABFE65C0B1BD9B54940),
	('RG40 2', 'RG40 2', 'RG40', 'RG40', 'RG', 127, 2.2626251622011, 0.87360445909829, 482079.501, 168133.501, -0.819815, 51.405787, _binary 0x0000000001030000000100000015000000426718E248E1EABF8FA26E10C2B44940E1383EFCD1DDEABF19EE6506B7B449405055B26D45AEEABFD55182C266B44940D963C9EAAF77EABFD593A2F7B7B44940761D3296B55BEABFAF0CEC2FAFB449400F95C5FEAE55EABF3FE9615A8DB44940AFF734C0F835EABF24CCDB6191B44940C31C7C6E5237EABFA7F24D9F76B44940BB0C84FC75C3E9BF1605E6E35DB449400A3209D8F694E9BF333C747FEDB34940E8F38BFC970BEABF1DE26CAEB2B3494099C39697BE50EABFB24C758166B349400A18D5F29C88EABF1B6065C04CB34940FBBFE12CE4A3EABFAB5B130066B349405AA5F15913B8EABF86D455494CB34940807E59523AE1EABFE5DF60728EB34940C72429AB6AD9EABF034DF54ECCB349401C0D095CE6DDEABF6B8DD3FE02B449402A27EC831DFBEABF7D03C309AAB44940AD3C4128F1E9EABF2FAC901EA6B44940426718E248E1EABF8FA26E10C2B44940),
	('RG40 3', 'RG40 3', 'RG40', 'RG40', 'RG', 215, 16.624959467892, 6.4189327362337, 482454, 165316.003, -0.815086, 51.380401, _binary 0x00000000010300000001000000330000004D6DE04D37C9EABFE0B174EBC3AD494064D9E1C9A480EBBFE0B174EBC3AD494039EE26259780EBBFF27AED4DC5AD49407C16C696A493EBBFD5723480FFAD4940A7AD63C0F979EBBFF94C69333BAE4940435194CF9862EBBFF5AECF93B9AE49400F3D93A75386EBBF8C23A06FF9AE49402692110E337CEBBF4060F63D46AF4940D6D40116E16AEBBF919B4A686FAF4940F38C9690BA7EEBBFD0569BA5AEAF4940845730479885EBBF98A6310407B04940B51FB733F864EBBFA1D6B55343B04940291A7E8F783EEBBF39ECE05339B149400642D6B4325AEBBF38523A16ECB149405ECCB0AD2359EBBFDCB88F7937B24940B648E754DF1BEBBF3AD9363176B2494014C51914F409EBBFFC71D097B1B249402A0CF5410FEEEABF3275C6C09CB249409261E462F9EEEABF434E9F30D9B2494082DFB79CF100EBBF8106EAA818B349401286796BCEF3EABF032BD30B23B349403F55DD9EB0DDEABFB67E22F40CB349407146B86A14D9EABF13BF822CC5B24940DAD1EF601AC3EABFA16C2AD8ABB249405AA5F15913B8EABF86D455494CB34940FBBFE12CE4A3EABFAB5B130066B349400A18D5F29C88EABF1B6065C04CB3494099C39697BE50EABFB24C758166B34940E8F38BFC970BEABF1DE26CAEB2B349400A3209D8F694E9BF333C747FEDB34940438783B65051E9BF6A435877E2B3494088B9308EF72AE9BF99F9754434B4494087637B8E172FE9BF0C1B3D36B7B34940DE6B7ECDE610E9BFC4706BF8F9B249405395177FFBC6E8BF72D17EBE82B14940AFC64233E1B2E8BF940D270C90B1494004393BA0ACC3E8BFB109F187F7B04940A0F46F54FAD2E8BF33C9DFE6E5B04940D3F6CE12BC1FE9BF69F8EA4AD3B0494013FCDD727A47E9BFCF08F1920FB14940C06EB3C61059E9BF30C761B0E4B049409A5EE90D286EE9BF2E2C58BAE1B04940B2E1CFDC0B77E9BF8AE4DD4320B14940AB285F5ECB8BE9BF1133CBCF1BB149400B32C3A773B2E9BF34A385E002B14940C4E10A0BFADDE9BF73EFBF1CBFB04940F108A79ED376EABF8FFF35075AB049404FDA94704172EABFC6AEBEF7FAAF4940CAA7E00CBFA5EABFF7430F8FDFAF49404771002165CFEABF1711BEB223AE49404D6DE04D37C9EABFE0B174EBC3AD4940),
	('RG40 4', 'RG40 4', 'RG40', 'RG40', 'RG', 173, 12.920368996924, 4.9885823588774, 478120, 164583.497, -0.877516, 51.374428, _binary 0x000000000103000000010000002900000093BC8F635872ECBFE0B174EBC3AD4940984E1A728D76ECBF05B601DECDAD49401BEA8B4A268FECBF28E882BCCCAD49401BA5C3B5D4CEECBF431375E329AE49401C1AF02A8DEFECBFE1672BE93BAE4940CBF8F9650A04EDBFA53B7F6688AE4940AF28844EC4D5ECBFA3D7A9F665AE4940721C4E6A1EC3ECBF76D7FD0583AE4940E5C81B0C92EFECBF62CD4377AFAF4940CA290AB0C1DBECBF04C00A8A2CB04940157159D3B0C3ECBFC2D1CA9570B0494095AABD01615CECBF2137E75719B149402BC19739166EECBF460881844BB14940275BBBB383A7ECBFA76FD25976B1494012C4193741BAECBF04FEC8D399B149402ADABE7DF6B9ECBF44CC616ECAB14940BC24FAE910C6ECBF9105EF9CF5B14940D824FAA605AFECBFEF16622652B2494030563C8D53A0ECBFDAD0525A4EB249408224C53CDB79ECBFE5DE2D6983B24940079D753AC84CECBF63A671AEB9B24940026D0A85CA2BECBFFA5920B1A9B24940D84E426366E3EBBF788EC1E5DEB24940D667651A34CEEBBF8BD14B82A5B249404F9B1570BDB0EBBF15DF14ACA9B249405512F7BFB796EBBF1FA34AAE70B249405ECCB0AD2359EBBFDCB88F7937B249400642D6B4325AEBBF38523A16ECB14940291A7E8F783EEBBF39ECE05339B14940B51FB733F864EBBFA1D6B55343B04940845730479885EBBF98A6310407B04940F38C9690BA7EEBBFD0569BA5AEAF4940D6D40116E16AEBBF919B4A686FAF49402692110E337CEBBF4060F63D46AF49400F3D93A75386EBBF8C23A06FF9AE4940435194CF9862EBBFF5AECF93B9AE4940A7AD63C0F979EBBFF94C69333BAE49407C16C696A493EBBFD5723480FFAD494039EE26259780EBBFF27AED4DC5AD494064D9E1C9A480EBBFE0B174EBC3AD494093BC8F635872ECBFE0B174EBC3AD4940),
	('RG40 5', 'RG40 5', 'RG40', 'RG40', 'RG', 83, 8.9013721138447, 3.436838987145, 481899, 171069.001, -0.821731, 51.432205, _binary 0x000000000103000000010000001C000000EDA3E4061E5AEBBFFDFEED3A34B749401BAE1F737039EBBF8D30842885B749408446A4D61AA3EABF99F20D805CB84940601424057D46EABFAB6E1CBE21B949401327CEBF62C8E9BF92CDC5D2E3B94940A66D7A7FC9C2E9BF25A2D30D5CB94940BEBB000210A9E9BF806F88A9BDB84940F1E850D8A6AAE9BF5F339FA4CAB749408090600B34B5E9BF6005E2DD78B749402E11F4E0E5C9E9BF59BA12B537B74940303DBA42FED3E9BF666F880BADB64940C412D3A60461E9BF2EEBDA7BF5B549404F984BEDF064E9BFF30C49CB84B54940721B6905645AE9BF0F8BAC6B23B5494000C7E2E37D73E9BF4345EB25FEB44940838F06897F8CE9BF3280340AD5B449408F97A2B1CCE3E9BFCC3AF63688B549406012168579FDE9BFCA7203812EB549402A723D0B2532EABFD67969B4F5B449404201BEF9B84AEABF9FA896A9EAB54940B490CEA6287CEABF61F935F3F1B549408DCBCF2F5B8DEABF7F4BE112E0B5494017ECF8363D88EABF2EB39749C3B54940EB2BA2325A96EABF727BD087B4B5494091E3136B63A8EABFB1FB5E04D8B549402336AAD7F1E8EABFE65C0B1BD9B54940962BB16CDBDDEABFC551635EBAB64940EDA3E4061E5AEBBFFDFEED3A34B74940),
	('RG41 1', 'RG41 1', 'RG41', 'RG41', 'RG', 91, 2.1551634452565, 0.83211325822531, 479870.5, 169800.999, -0.851195, 51.421095, _binary 0x0000000001030000000100000017000000DA05FD2C15BDEBBFDD70AC7079B649405A7DBF6BC895EBBFA1FB516BA9B64940EDA3E4061E5AEBBFFDFEED3A34B74940962BB16CDBDDEABFC551635EBAB649402336AAD7F1E8EABFE65C0B1BD9B54940DC4D649690D7EABF36DF0FEF4DB54940FE5EDB543AE2EABF96C407CAF9B449408D872DD033E2EABFA7174A7ED8B4494016B8933025D7EABF3EF4126EC3B44940E1383EFCD1DDEABF19EE6506B7B44940426718E248E1EABF8FA26E10C2B44940F3224AD1DB21EBBFACE188FA2EB5494046A18076751DEBBF6552B52548B54940A17FB488633AEBBFD70444C675B54940F73073530D47EBBF2FEBB0677FB549403AE36D38EB4FEBBF25BA779767B54940E677C2003C58EBBF9252629149B549400795944A9C58EBBF8E7D0F55A4B54940EC3B649DC19CEBBF3AF6D11C0EB64940DF402B860DA2EBBF3176570DFCB54940F547681E62A9EBBFE13FD9C50AB64940E245CF5546AAEBBFF166F3374CB64940DA05FD2C15BDEBBFDD70AC7079B64940),
	('RG41 2', 'RG41 2', 'RG41', 'RG41', 'RG', 139, 1.7433951685227, 0.67312863775909, 480430.497, 168146.503, -0.843517, 51.40614, _binary 0x000000000103000000010000001E000000C641DAF5B04DEBBFA2C28B9896B449409CA4626EEB40EBBFA79BDA7FB1B44940F23B35BBD648EBBF94059BF3BFB449403AE36D38EB4FEBBF25BA779767B54940F73073530D47EBBF2FEBB0677FB54940A17FB488633AEBBFD70444C675B5494046A18076751DEBBF6552B52548B54940F3224AD1DB21EBBFACE188FA2EB54940426718E248E1EABF8FA26E10C2B44940AD3C4128F1E9EABF2FAC901EA6B449402A27EC831DFBEABF7D03C309AAB449401C0D095CE6DDEABF6B8DD3FE02B44940C72429AB6AD9EABF034DF54ECCB34940807E59523AE1EABFE5DF60728EB349405AA5F15913B8EABF86D455494CB34940DAD1EF601AC3EABFA16C2AD8ABB249407146B86A14D9EABF13BF822CC5B249403F55DD9EB0DDEABFB67E22F40CB349401286796BCEF3EABF032BD30B23B3494082DFB79CF100EBBF8106EAA818B349409261E462F9EEEABF434E9F30D9B249402A0CF5410FEEEABF3275C6C09CB2494014C51914F409EBBFFC71D097B1B2494078BB175C44FFEABF26A2A107E5B24940C40056E75433EBBF596ADB5B40B349402C3688202B4BEBBFDAD8A250CFB3494085DB5684865EEBBF63E36A4701B449401915952A973CEBBF00A25C0F3CB449402BEC231DF74CEBBF96E8873C61B44940C641DAF5B04DEBBFA2C28B9896B44940),
	('RG41 3', 'RG41 3', 'RG41', 'RG41', 'RG', 130, 1.7413944361187, 0.67235615065924, 479227.501, 168996.499, -0.860621, 51.413952, _binary 0x000000000103000000010000001100000054005B7968EDEBBF88E96264E4B44940AA23BF6F18ECEBBF5DB5DF0C47B54940F547681E62A9EBBFE13FD9C50AB64940DF402B860DA2EBBF3176570DFCB54940EC3B649DC19CEBBF3AF6D11C0EB649400795944A9C58EBBF8E7D0F55A4B54940E677C2003C58EBBF9252629149B549403AE36D38EB4FEBBF25BA779767B54940F23B35BBD648EBBF94059BF3BFB449409CA4626EEB40EBBFA79BDA7FB1B44940C641DAF5B04DEBBFA2C28B9896B44940E64948930F61EBBF09C3648168B44940A2CE5A2F3170EBBFB225FB3B14B44940E5B5649577A1EBBF7B6A3A500DB449403976A9B4E7BBEBBF3354C3A150B449408900CFA936E3EBBF2DCE28FD7BB4494054005B7968EDEBBF88E96264E4B44940),
	('RG41 4', 'RG41 4', 'RG41', 'RG41', 'RG', 110, 4.2797058034302, 1.652403648631, 478696, 167717.5, -0.868547, 51.402526, _binary 0x000000000103000000010000001F0000001FE0CCA57440ECBF3C1CC68CD5B34940F1518918094DECBFEB81F4E5D4B449407D1BF7FC5C15ECBF47960912F4B4494054005B7968EDEBBF88E96264E4B449408900CFA936E3EBBF2DCE28FD7BB449403976A9B4E7BBEBBF3354C3A150B44940E5B5649577A1EBBF7B6A3A500DB44940A2CE5A2F3170EBBFB225FB3B14B44940E64948930F61EBBF09C3648168B44940C641DAF5B04DEBBFA2C28B9896B449402BEC231DF74CEBBF96E8873C61B449401915952A973CEBBF00A25C0F3CB4494085DB5684865EEBBF63E36A4701B449402C3688202B4BEBBFDAD8A250CFB34940C40056E75433EBBF596ADB5B40B3494078BB175C44FFEABF26A2A107E5B2494014C51914F409EBBFFC71D097B1B24940B648E754DF1BEBBF3AD9363176B249405ECCB0AD2359EBBFDCB88F7937B249405512F7BFB796EBBF1FA34AAE70B249404F9B1570BDB0EBBF15DF14ACA9B24940D667651A34CEEBBF8BD14B82A5B24940D84E426366E3EBBF788EC1E5DEB24940026D0A85CA2BECBFFA5920B1A9B24940079D753AC84CECBF63A671AEB9B249408224C53CDB79ECBFE5DE2D6983B249402F6158B9ACB2ECBF5639D012A0B24940A0CB59C9FD9CECBF1D0FB19D04B34940695DE9A9915DECBFAFFCEE3623B34940644A6F6D203FECBF9D553A0167B349401FE0CCA57440ECBF3C1CC68CD5B34940),
	('RG41 5', 'RG41 5', 'RG41', 'RG41', 'RG', 230, 7.7875786767044, 3.0068009368947, 477815.002, 169894.502, -0.880733, 51.422221, _binary 0x0000000001030000000100000020000000BE0576A47C0BEDBFFE8F3C0FDAB5494056B9D509F009EDBFDF3368B0F0B5494096B5D05973E7ECBF7D02507712B64940B134878CF3DCECBFEF226A6563B6494066091CC310B6ECBFA5AA037277B64940FC61BD5D6BC0ECBF76DB69A38DB6494011BBBFABDFB4ECBF4418B921C8B64940B259537FF4CAECBFCA95DED7ABB74940B23310F8EDCFECBF287AB947F6B749402A7CECCC55BEECBF00DC5ABC36B849403EB0C5E1FEA8ECBF00593AB337B8494072F95F8F569EECBF59A64E0867B8494012442C626331ECBF03D8693347B849407C292CCC5EFAEBBF588339BA1CB84940EDA3E4061E5AEBBFFDFEED3A34B749405A7DBF6BC895EBBFA1FB516BA9B64940DA05FD2C15BDEBBFDD70AC7079B64940E245CF5546AAEBBFF166F3374CB64940F547681E62A9EBBFE13FD9C50AB64940AA23BF6F18ECEBBF5DB5DF0C47B5494054005B7968EDEBBF88E96264E4B449407D1BF7FC5C15ECBF47960912F4B44940F1518918094DECBFEB81F4E5D4B449401FE0CCA57440ECBF3C1CC68CD5B34940BA0A219879A2ECBFEE8C56E26CB449402B0174309EAEECBF2124AEE9A5B44940DC51D8651BA5ECBF4A5F4F1C16B54940A080182AE6D9ECBFFA7DE0A3FFB44940273148BCF802EDBFB219692655B549401D82A24E4B13EDBFD97555025EB54940263996BF861BEDBF037481A3AFB54940BE0576A47C0BEDBFFE8F3C0FDAB54940),
	('RG42 1', 'RG42 1', 'RG42', 'RG42', 'RG', 120, 0.9029126142055, 0.34861650931995, 485629, 169779.5, -0.768393, 51.42006, _binary 0x00000000010300000001000000110000002985BFD72F18E9BF9E01BDB146B5494055EF0169BB13E9BF703585409CB54940ED2C54B9FEEBE8BFD853F40DB3B54940DE71A3B539E1E8BF499EE1FB00B6494099E2C63A627AE8BF6BB12DA167B649400CDE0CB78A37E8BF7DF66A88ADB549407454890D562EE8BF0B3EA98C6AB5494002B6A0CD5E61E8BFD700AFE189B5494088F784D9D56CE8BF2D21B86861B54940A88C89BA636FE8BFF446C27F78B549402053F86A9886E8BFD08738E378B54940EBC046163BC3E8BFC760C3CCC4B54940E6513580CBD2E8BFBA5A83B26AB5494030D54C8DB9E6E8BF2EA7810E8BB549404B96CE1E51FAE8BF1D1CBB0174B54940DA947C8867FCE8BFBA72187355B549402985BFD72F18E9BF9E01BDB146B54940),
	('RG42 2', 'RG42 2', 'RG42', 'RG42', 'RG', 139, 1.4280514612734, 0.55137375170736, 486886.998, 170177.501, -0.750206, 51.423447, _binary 0x00000000010300000001000000090000000014FE120B25E8BFD93CCFDDF4B649400014FE120B25E8BF6730171EA6B549400CDE0CB78A37E8BF7DF66A88ADB5494099E2C63A627AE8BF6BB12DA167B64940B2BF53976473E8BFB3B016866DB6494020B135479B81E8BF6970E976A8B64940558EC5D2EF63E8BF22DC493DB6B64940DDCDCD4E9D38E8BFCE7B40D1F5B649400014FE120B25E8BFD93CCFDDF4B64940),
	('RG42 4', 'RG42 4', 'RG42', 'RG42', 'RG', 133, 4.7574981616106, 1.8368803094596, 485526.497, 170239.998, -0.769756, 51.424216, _binary 0x00000000010300000001000000290000000014FE120B25E8BF2DF41BA6A6B749400014FE120B25E8BFD93CCFDDF4B64940DDCDCD4E9D38E8BFCE7B40D1F5B64940558EC5D2EF63E8BF22DC493DB6B6494020B135479B81E8BF6970E976A8B64940B2BF53976473E8BFB3B016866DB6494099E2C63A627AE8BF6BB12DA167B64940DE71A3B539E1E8BF499EE1FB00B64940ED2C54B9FEEBE8BFD853F40DB3B5494055EF0169BB13E9BF703585409CB54940484874C1EF21E9BF7BC13197B5B549401EC7B9CCA333E9BF11ADE75D8DB5494078A54835654CE9BF4827DAE51FB5494030B5B0FD6A4DE9BF121727E9EFB4494000C7E2E37D73E9BF4345EB25FEB44940721B6905645AE9BF0F8BAC6B23B549404F984BEDF064E9BFF30C49CB84B54940C412D3A60461E9BF2EEBDA7BF5B54940303DBA42FED3E9BF666F880BADB649402E11F4E0E5C9E9BF59BA12B537B749408090600B34B5E9BF6005E2DD78B74940F1E850D8A6AAE9BF5F339FA4CAB74940EAA2C1F9F7A2E9BFF4E4420562B74940746CAA454D91E9BF5AA7D46960B7494090C7A89B2583E9BF22B9DC6E86B74940030955A3AD69E9BFCBBF125588B7494062AD0580A565E9BF5A11325868B7494082F9B203FF5FE9BF4A8E522D8BB74940A9332793E54AE9BFE848ABC78BB74940A62E94AAA749E9BF04892D2C3CB7494020B18541DA42E9BF1F6BF17B7EB74940290395393F3DE9BF07D443E964B74940BB5FD6169919E9BF04B07B115CB749401F8A9C4C53F8E8BFBE19AD6985B74940E9A7BAD12ED9E8BFC0A79A5378B749407ECC643FF99FE8BFB5E642A191B7494061159F7E534FE8BF2949211297B74940D0E125798E4DE8BFB7723E2363B749405EC10FA7702FE8BF1898B1605BB74940057215883B28E8BFF9CB498EA3B749400014FE120B25E8BF2DF41BA6A6B74940),
	('RG42 5', 'RG42 5', 'RG42', 'RG42', 'RG', 103, 11.720169973176, 4.5251829251277, 485035.998, 173111.002, -0.77612, 51.450102, _binary 0x00000000010300000001000000200000000014FE120B25E8BF601F24B291BA49405DE5EE620930E8BF07A06D9344BA49400014FE120B25E8BFC548CA8416BA49400014FE120B25E8BF2DF41BA6A6B74940057215883B28E8BFF9CB498EA3B749405EC10FA7702FE8BF1898B1605BB74940D0E125798E4DE8BFB7723E2363B7494061159F7E534FE8BF2949211297B749407ECC643FF99FE8BFB5E642A191B74940E9A7BAD12ED9E8BFC0A79A5378B749401F8A9C4C53F8E8BFBE19AD6985B74940BB5FD6169919E9BF04B07B115CB74940290395393F3DE9BF07D443E964B7494020B18541DA42E9BF1F6BF17B7EB74940A62E94AAA749E9BF04892D2C3CB74940A9332793E54AE9BFE848ABC78BB7494082F9B203FF5FE9BF4A8E522D8BB7494062AD0580A565E9BF5A11325868B74940030955A3AD69E9BFCBBF125588B7494090C7A89B2583E9BF22B9DC6E86B74940746CAA454D91E9BF5AA7D46960B74940EAA2C1F9F7A2E9BFF4E4420562B74940F1E850D8A6AAE9BF5F339FA4CAB74940BEBB000210A9E9BF806F88A9BDB84940A66D7A7FC9C2E9BF25A2D30D5CB949401327CEBF62C8E9BF92CDC5D2E3B94940AE0CBC3F227EE9BF5353D2A981BA49404E723D067E04E9BF5E0D9CE74FBB494061B24080C3BBE8BF361FC8AF0CBC49407383D76CE395E8BF4508519C20BC49400014FE120B25E8BF5C5B8CDE89BB49400014FE120B25E8BF601F24B291BA4940),
	('RG42 6', 'RG42 6', 'RG42', 'RG42', 'RG', 116, 10.425798778914, 4.0254234130677, 488660, 172693.496, -0.72408, 51.445792, _binary 0x00000000010300000001000000040000000014FE120B25E8BF601F24B291BA49400014FE120B25E8BFC548CA8416BA49405DE5EE620930E8BF07A06D9344BA49400014FE120B25E8BF601F24B291BA4940),
	('RG45 6', 'RG45 6', 'RG45', 'RG45', 'RG', 228, 5.4074421710027, 2.0878250944176, 483155.497, 164166.502, -0.805277, 51.369964, _binary 0x000000000103000000010000001C0000004D6DE04D37C9EABFE0B174EBC3AD49404771002165CFEABF1711BEB223AE4940CAA7E00CBFA5EABFF7430F8FDFAF49404FDA94704172EABFC6AEBEF7FAAF4940F108A79ED376EABF8FFF35075AB04940C4E10A0BFADDE9BF73EFBF1CBFB049400B32C3A773B2E9BF34A385E002B14940AB285F5ECB8BE9BF1133CBCF1BB14940B2E1CFDC0B77E9BF8AE4DD4320B149409A5EE90D286EE9BF2E2C58BAE1B04940C06EB3C61059E9BF30C761B0E4B0494013FCDD727A47E9BFCF08F1920FB14940D3F6CE12BC1FE9BF69F8EA4AD3B04940A0F46F54FAD2E8BF33C9DFE6E5B04940DABFBD6E9349E9BF874F182E66AF494079447123537DE9BF5A7387426BAF494031910F4989B1E9BF7C84DC924DAF494042CC6BEF95AFE9BFA8523FDC33AF49406581F33F2BC6E9BF5839FCA347AF49402B1655D971F3E9BF3166753616AF4940ACBF95B367F6E9BFB98D40A725AF4940203FB5C42C1FEABF8F8D64500BAF4940BF2DA8CDD423EABFD9466216CAAE4940C13FDFC3C848EABF19D6EF3EB7AE49405BF92FDBEE3EEABF7C288FC468AE4940D69F024A3761EABF159EB3EB4FAE494007885C00E9C4EABFE0B174EBC3AD49404D6DE04D37C9EABFE0B174EBC3AD4940),
	('RG45 7', 'RG45 7', 'RG45', 'RG45', 'RG', 158, 5.6827257307725, 2.194112671056, 483999.998, 164110.003, -0.79316, 51.369332, _binary 0x000000000103000000010000001A000000A7A8A447EFFAE9BFE0B174EBC3AD49404DFE1193CA43EABF62B200ECD0AD4940D69F024A3761EABF159EB3EB4FAE49405BF92FDBEE3EEABF7C288FC468AE4940C13FDFC3C848EABF19D6EF3EB7AE4940BF2DA8CDD423EABFD9466216CAAE4940203FB5C42C1FEABF8F8D64500BAF4940ACBF95B367F6E9BFB98D40A725AF49402B1655D971F3E9BF3166753616AF49406581F33F2BC6E9BF5839FCA347AF494042CC6BEF95AFE9BFA8523FDC33AF494031910F4989B1E9BF7C84DC924DAF494079447123537DE9BF5A7387426BAF4940DABFBD6E9349E9BF874F182E66AF4940A0F46F54FAD2E8BF33C9DFE6E5B0494004393BA0ACC3E8BFB109F187F7B04940928B9E417BBBE8BF5F38CAFCA9B04940CE835C96127FE8BF9B93262195AF4940B378C9E50482E8BF82E4806808AF4940D37ABA0AE397E8BFD87509237FAE494080DD0A1E5E96E8BFA547B2DA48AE4940800B062319AFE8BF1BCDCCC445AE4940CA4F7FD2574CE9BFE7A78C6C09AE49406CA902196E6DE9BFADC1FCDBCFAD4940ACBC2518037FE9BFE0B174EBC3AD4940A7A8A447EFFAE9BFE0B174EBC3AD4940),
	('RG5 3', 'RG 5 3', 'RG5', 'RG 5', 'RG', 210, 2.6444886456452, 1.0210427743246, 475846.997, 173055.997, -0.908357, 51.450913, _binary 0x0000000001030000000100000014000000A43B47EAF67BEDBF49E473FEB0B84940F53FAA199071EDBF9D74E2BAF1B84940D0CAAF83D073EDBF683E96D0B7B94940C4CB37F8DC67EDBF450C2C1073BA4940B36092644255EDBF0204FC2BE6BA494038297F76F74CEDBF4D71E2AD00BB49400083A8F339E0ECBFEE7AC05F52BB4940410E70B128DCECBF9A59BFC134BB4940FFB2110003F7ECBF1DD29940FFBA4940D769ED1CC300EDBF450D558BB6BA494040BBE92718FFECBFC3975A3D2FBA49404EB72678D5EFECBFDA716294FCB94940F9B5A41CDAF8ECBF57A8ACEEA3B9494064EC04534DE3ECBFF34EF43651B94940E0A7697588CAECBF20EAB4C93FB94940D1562A66ECCFECBFCF747EB1BBB8494006B0B6713CC3ECBF15F66ACE79B84940C9D3BD15F3D4ECBFA44C165A39B849402AE341157350EDBF6D99FC9578B84940A43B47EAF67BEDBF49E473FEB0B84940),
	('RG5 4', 'RG 5 4', 'RG5', 'RG 5', 'RG', 270, 5.7437988955198, 2.2176931517939, 477310.998, 173242.499, -0.88725, 51.452392, _binary 0x000000000103000000010000001D000000410E70B128DCECBF9A59BFC134BB49404530554EC7ADECBF19C7C5AFC3BB4940BEF90FDEA784ECBF4868DC29D1BB494008366E85EC60ECBF6967123FBDBB49406395B0F25D3CECBF73DC4B96A9BB494006818891CA29ECBF623FABB03FBB4940254700650A07ECBF9A3AAC7E26BB4940105219B4B000ECBF3E5D89FDD6BA4940DF95904FD20DECBFA8E66B92FCB949409BA56990BEF8EBBFD82C8413E5B949402260440ED5E2EBBFD7953BDB95B949408C372AD055E1EBBF925576220AB94940A02A3789BD06ECBF4E04A31844B849407C292CCC5EFAEBBF588339BA1CB8494012442C626331ECBF03D8693347B8494072F95F8F569EECBF59A64E0867B849403EB0C5E1FEA8ECBF00593AB337B849402A7CECCC55BEECBF00DC5ABC36B84940C9D3BD15F3D4ECBFA44C165A39B8494006B0B6713CC3ECBF15F66ACE79B84940D1562A66ECCFECBFCF747EB1BBB84940E0A7697588CAECBF20EAB4C93FB9494064EC04534DE3ECBFF34EF43651B94940F9B5A41CDAF8ECBF57A8ACEEA3B949404EB72678D5EFECBFDA716294FCB9494040BBE92718FFECBFC3975A3D2FBA4940D769ED1CC300EDBF450D558BB6BA4940FFB2110003F7ECBF1DD29940FFBA4940410E70B128DCECBF9A59BFC134BB4940),
	('RG6 1', 'RG 6 1', 'RG6', 'RG 6', 'RG', 149, 2.9250645921979, 1.1293737529237, 474261.212, 173037.498, -0.93118, 51.450957, _binary 0x000000000103000000010000001C0000005CC808FBCF57EEBFEC62569CF6B94940366BBAF5CD20EEBFCFF0C285D9B949400D764965A51DEEBFD8CA793B3BBA49405C83A33A3D04EEBF65AF0B3745BA4940F399D6326A17EEBF9650C4AD89BA494010290E1FBC22EEBFE403927F89BA49401BCE3E310C30EEBF37E47311DDBA4940FF30318DF327EEBF31AEAC9FEABA4940B950349953E0EDBFCC67AE971BBB4940784AFF1AACC9EDBFADD44AAD09BB4940C42080AD4D9AEDBF0EE57EDB17BB49402CB70E5AC06CEDBFF2858ABCE1BA4940B36092644255EDBF0204FC2BE6BA4940C4CB37F8DC67EDBF450C2C1073BA4940D0CAAF83D073EDBF683E96D0B7B94940F53FAA199071EDBF9D74E2BAF1B84940A43B47EAF67BEDBF49E473FEB0B84940D12048F6B18DEDBFA7B96295D0B84940AE363B689B9CEDBF7B76A11576B84940F5ED16C5E8C5EDBFF6732D46AAB8494005F421E7A6C7EDBFA01FB66D9AB849409DBDFA857FD5EDBFBEF0EF3EA5B84940C4E01A8938F1EDBFB3F3D4EE1AB9494005359B597EFFEDBF08D323B82DB949401AE1A00A440EEEBF443B7ECC78B94940830EA303FB22EEBFB4722D3A6AB94940D869F3ADB337EEBF2AB0C00BD5B949405CC808FBCF57EEBFEC62569CF6B94940),
	('RG6 3', 'RG 6 3', 'RG6', 'RG 6', 'RG', 94, 1.4238981881518, 0.54977016399008, 475926.5, 170476.001, -0.907767, 51.427706, _binary 0x0000000001030000000100000018000000B476EFDE446CEDBFB829074374B749402EC54B06014CEDBFCFEE59E697B7494005C63240D22CEDBF3848E86940B74940084898DF791FEDBF36356EFF6CB74940FFBC98526A01EDBF51DE564582B74940950A36A530FDECBF7C7E77B86BB749401B4CB87C1DF4ECBFED51CF2893B74940B259537FF4CAECBFCA95DED7ABB7494011BBBFABDFB4ECBF4418B921C8B64940FC61BD5D6BC0ECBF76DB69A38DB6494066091CC310B6ECBFA5AA037277B64940B134878CF3DCECBFEF226A6563B6494096B5D05973E7ECBF7D02507712B6494056B9D509F009EDBFDF3368B0F0B54940888947325226EDBF4841C71C1AB649403D6A96CEBA35EDBF01908D085AB649406C5061384A25EDBFC14C725C78B6494079AE8B0D1928EDBFDE94827CA3B64940C1642CDF4649EDBF725438C9ABB649400B99566CFA4AEDBFC04CB0D2DEB64940AA5748F5495CEDBFCA2C87741CB74940831ED2237F6AEDBFDE776528FDB6494064E2F4A1557CEDBF59526FB545B74940B476EFDE446CEDBFB829074374B74940),
	('RG6 4', 'RG 6 4', 'RG6', 'RG 6', 'RG', 125, 1.9546081222429, 0.75467841510259, 474608.498, 169816, -0.926862, 51.421947, _binary 0x000000000103000000010000001B00000074CB31E44F31EEBFE302605941B649402CA5671F0417EEBFD639877159B649408075A7DABFFAEDBFD12D4A8957B64940E59536FE7BECEDBF5CF9A9C207B649402EA3117859D9EDBF1CD1343C24B649407933595339E1EDBFB0484ACC3BB64940B065F79B25D5EDBF608AD1A982B64940831ED2237F6AEDBFDE776528FDB64940AA5748F5495CEDBFCA2C87741CB749400B99566CFA4AEDBFC04CB0D2DEB64940C1642CDF4649EDBF725438C9ABB6494079AE8B0D1928EDBFDE94827CA3B649406C5061384A25EDBFC14C725C78B649403D6A96CEBA35EDBF01908D085AB64940888947325226EDBF4841C71C1AB6494056B9D509F009EDBFDF3368B0F0B54940BE0576A47C0BEDBFFE8F3C0FDAB54940C9527A79C74CEDBFFC281143C2B54940255298888CA2EDBF0E287E36D6B549401E5C821D9FD8EDBFE3E1CAADC2B549402CEE9F66E809EEBF8C6692F792B5494017A9068F7162EEBF390B70250DB549404B4F6B6B065BEEBF8F6DD0CA5EB54940E4C7AC323D4DEEBFD0616ACE73B549406EB183324252EEBF1C690C4690B549407DDA76721443EEBF376132F107B6494074CB31E44F31EEBFE302605941B64940),
	('RG6 5', 'RG 6 5', 'RG6', 'RG 6', 'RG', 127, 1.722696754345, 0.66513693536668, 474325, 170643.503, -0.930765, 51.429424, _binary 0x0000000001030000000100000019000000B13E9E7DB03BEEBF788D7B3EE7B74940676A86D86135EEBF8175082303B849403D4684E69119EEBF938C6B240CB84940A40B010E56EAEDBF1777CF26F3B74940AB8ECFC282B2EDBF51853EA287B74940B476EFDE446CEDBFB829074374B7494064E2F4A1557CEDBF59526FB545B74940831ED2237F6AEDBFDE776528FDB64940B065F79B25D5EDBF608AD1A982B649407933595339E1EDBFB0484ACC3BB649402EA3117859D9EDBF1CD1343C24B64940E59536FE7BECEDBF5CF9A9C207B649408075A7DABFFAEDBFD12D4A8957B649402CA5671F0417EEBFD639877159B649401739D47CAB12EEBF051E168E6BB649409CB62C686023EEBF8C2F09A798B64940D4DD3F427F25EEBF35BBB658EAB64940FFF9E4041B3CEEBF15A62C39EDB6494025EAE37DDB3FEEBF806FE1ED04B74940827BF5C4F035EEBFCA5A6A1B08B749408D50B71C9834EEBFDDCA9A3A25B7494076F9B573FE3FEEBF29F459A62AB74940BB8B21976935EEBFD5576FC43AB74940EA0BC856BE2FEEBF678E431ECCB74940B13E9E7DB03BEEBF788D7B3EE7B74940),
	('RG6 6', 'RG 6 6', 'RG6', 'RG 6', 'RG', 35, 1.0397297368429, 0.40144189569581, 473547.499, 171945.569, -0.941678, 51.441233, _binary 0x000000000103000000010000000D0000003E9CE217C48CEEBF2E6CF432A9B84940E51F4D206169EEBFE018DEBCFFB84940BB82A9C3D54FEEBF1E9D22AEECB8494091E4FE6ADC36EEBF5CC5DDE02FB94940D9E0A11DB00FEEBFCE46BE64FDB84940E7E7DBF787EBEDBF60F096F7BAB8494072910878D3D0EDBF880C90F94CB84940EF1FAB1725DDEDBF207D04D305B84940A40B010E56EAEDBF1777CF26F3B749403D4684E69119EEBF938C6B240CB84940676A86D86135EEBF8175082303B84940B13E9E7DB03BEEBF788D7B3EE7B749403E9CE217C48CEEBF2E6CF432A9B84940),
	('RG6 7', 'RG 6 7', 'RG6', 'RG 6', 'RG', 145, 1.9976226613946, 0.77128642151775, 475240.998, 171679.002, -0.91737, 51.438613, _binary 0x000000000103000000010000001B000000D9E0A11DB00FEEBFCE46BE64FDB8494005359B597EFFEDBF08D323B82DB94940C4E01A8938F1EDBFB3F3D4EE1AB949409DBDFA857FD5EDBFBEF0EF3EA5B8494005F421E7A6C7EDBFA01FB66D9AB84940F5ED16C5E8C5EDBFF6732D46AAB84940AE363B689B9CEDBF7B76A11576B84940D12048F6B18DEDBFA7B96295D0B84940A43B47EAF67BEDBF49E473FEB0B849402AE341157350EDBF6D99FC9578B84940C9D3BD15F3D4ECBFA44C165A39B849402A7CECCC55BEECBF00DC5ABC36B84940B23310F8EDCFECBF287AB947F6B74940B259537FF4CAECBFCA95DED7ABB749401B4CB87C1DF4ECBFED51CF2893B74940950A36A530FDECBF7C7E77B86BB74940FFBC98526A01EDBF51DE564582B74940084898DF791FEDBF36356EFF6CB7494005C63240D22CEDBF3848E86940B749402EC54B06014CEDBFCFEE59E697B74940B476EFDE446CEDBFB829074374B74940AB8ECFC282B2EDBF51853EA287B74940A40B010E56EAEDBF1777CF26F3B74940EF1FAB1725DDEDBF207D04D305B8494072910878D3D0EDBF880C90F94CB84940E7E7DBF787EBEDBF60F096F7BAB84940D9E0A11DB00FEEBFCE46BE64FDB84940),
	('RG7 1', 'RG 7 1', 'RG7', 'RG 7', 'RG', 289, 32.744303542949, 12.642646277902, 472077.5, 165303.002, -0.964177, 51.381697, _binary 0x0000000001030000000100000050000000717837F30D15EFBFE0B174EBC3AD4940A49D1139DF10EFBF2A995FECEFAD4940DD0815679134EFBFAC9812E211AE49403B2B4D8C537CEFBF30DBE66114AE49403520794EC09CEFBF760734AC32AE4940073F99896589EFBF4774C56A52AE4940AC45311347BDEFBFC97BCA2EEAAE4940EEB15EA3DDB5EFBF54A004292AAF494014299FC5ED9CEFBF40D574927DAF49409ECE41A8F482EFBF710AF41277AF4940395FDDAEAE6CEFBFA69850EBA6AF4940B23664D07567EFBFB988D56AD9AF49404A43035D5052EFBFDB0D78D711B049406513A1949389EFBFC1DA68E39BB04940CE44555070A2EFBFE2B85D5217B149401F6D2999B5B6EFBFC4005ECCFDB04940DE7395BE53CAEFBF3F44A081AFB0494095C7BB49D60BF0BFE1100DC0D8B04940AC2794E5E014F0BF1A3131A20CB14940414DF8208B54F0BF3FCA58DAAEB1494067CCDA830C56F0BFDB62EFAD3CB249400C2837E1AE61F0BFF9F13F5071B249403B72B560DA60F0BFAC6EA21BE2B2494097A1AB55FD81F0BFFD24C9E0B9B249405211E4DA0186F0BF412FABEFCAB24940B4ED790D6481F0BF7F7771D459B349402689CB1AB179F0BF070E443297B349409980BBC81F70F0BFD5B28640CEB3494044DC37AB3961F0BFC4C89D89E4B34940C036EDB86D51F0BF51F4C5422CB4494004027F29123DF0BFFF348F4C25B4494096BEDB5F9632F0BF0CBD0B7A67B449409AE0CC006130F0BFE4BE97219EB44940C41A6BA31D44F0BF96C8C82377B549409E780C430C2DF0BFBFA95F0259B5494010A0CB4E641EF0BF37FF10AE80B549400EDE40298802F0BF719DAE746AB549407F90D109C6D9EFBF46E5827774B54940961E4315BEDCEFBF43C851ADB0B54940FB96867B0D8DEFBFFD6EE84464B5494032A7EDFEBE1BEFBFC16A6D4BCDB44940BBE62F3567EAEEBF4AF4DC0CB6B449408697ECBA81B0EEBFBA7597ABC0B44940B2432647D693EEBFDBF0F868DDB4494038EEF9E2E5B0EEBF725A1DBD7BB44940FA63862630CFEEBF6C2C84D84EB4494028D75B657CC8EEBF05D830E9CFB3494058F90599B6ACEEBF426F85CE8DB34940508CF862E1AEEEBFBCD61DE8B5B249409A488C4787C8EEBF33FEDAC3B9B24940F06D0692EBC0EEBF0A6B5C5E73B249403D9A558CB5B6EEBF324FFDC758B2494097AAF12A4BA5EEBFE785089C6BB24940A0ED97849490EEBF69123C3117B249409276AB23ED53EEBFC5B5B51EC8B14940760AFFE49F2EEEBFBF1CA4CD72B14940C4AD600754F5EDBFE32E4F9C2FB1494013CC32A330B4EDBF706AAD715EB1494066880CF49D8AEDBF5144D67BB1B14940A952EB5B7A83EDBF49C114EF31B14940CFE377F02E6FEDBFFECDACC44DB149404B99B6E2AA0FEDBFED3ADD5019B14940904E0CE4240DEDBF1573DD0EBFB04940CD4E34F6B8F3ECBFA38FB9F447B04940E5C81B0C92EFECBF62CD4377AFAF4940721C4E6A1EC3ECBF76D7FD0583AE4940AF28844EC4D5ECBFA3D7A9F665AE4940CBF8F9650A04EDBFA53B7F6688AE494097C322586D32EDBFF08B79F997AE49402C098330823DEDBF0CE56B8E94AE4940808E8E978F3DEDBF24CD91AE77AE49402CB5E1611D63EDBF317018A774AE4940FB251EEF715EEDBF84879766AAAE4940505009B5F391EDBF309C2633D8AE4940D3546D3115C4EDBF70622D9BAFAE494051B876324FFCEDBFD5D92620B3AE4940977861A2B611EEBF939038C263AE494037FDB0CF1610EEBF84B8819422AE4940F9E307FF6A1CEEBFE0B174EBC3AD4940717837F30D15EFBFE0B174EBC3AD4940),
	('RG7 2', 'RG 7 2', 'RG7', 'RG 7', 'RG', 146, 36.20498521102, 13.978822939972, 466233, 161904.999, -1.048789, 51.351856, _binary 0x000000000103000000010000002E000000FF0807D3FE94EFBFE0B174EBC3AD4940461E5EBADEC7F1BFE0B174EBC3AD4940C52ECD78DCDAF1BF4210531777AE4940CC8DDC5386DBF1BF8DB4ED43A1AE4940A6BCCB9EE0EEF1BFC9466D5736AF4940B95DE2B75CEFF1BF8677DBAE61AF494031285C454CE8F1BF90BB53924AAF49400C0DA185B8D1F1BF7F23018DA4AF4940C44C707E018DF1BF0331DB06CEAF494012296419FD7CF1BF543AB7C4BAAF4940620086142275F1BFF125203ADEAF4940314261F89547F1BFF392FC9BF5AF4940338330D0D835F1BFDA95B269E8AF4940D153AF580332F1BFAFACBE4603B04940239278699616F1BF72C7812C1BB0494015E09BF7F101F1BF7B907E81B9AF494086E7994C9CEDF0BFA599586198AF49401E1FF34E76C8F0BF8C476A6D88AF4940A91B1F7210BFF0BFE143BDFCC5AF494085E5960E06B9F0BF0E15A3EEBDAF4940BDFD1816F3B7F0BF0E238E71DAAF4940C4B0843BAAB0F0BF903DCE8CD5AF4940F168DB0CC3A9F0BF6F85824D82AF4940FB78DF275C96F0BF6D800E057CAF4940A63B1BF4477BF0BF6D187D80EFAF49402EE61E2AAD64F0BFEE8A789E1EB0494002732EBC1557F0BF70E3AB1BB8B04940E3E30ACDDE23F0BF40E7CFBCBBB04940AC2794E5E014F0BF1A3131A20CB1494095C7BB49D60BF0BFE1100DC0D8B04940DE7395BE53CAEFBF3F44A081AFB049401F6D2999B5B6EFBFC4005ECCFDB04940CE44555070A2EFBFE2B85D5217B149406513A1949389EFBFC1DA68E39BB049404A43035D5052EFBFDB0D78D711B04940B23664D07567EFBFB988D56AD9AF4940395FDDAEAE6CEFBFA69850EBA6AF49409ECE41A8F482EFBF710AF41277AF494014299FC5ED9CEFBF40D574927DAF4940EEB15EA3DDB5EFBF54A004292AAF4940AC45311347BDEFBFC97BCA2EEAAE4940073F99896589EFBF4774C56A52AE49403520794EC09CEFBF760734AC32AE49403430F0FF4C93EFBFA608E6B10EAE4940D27895131F94EFBF1482BB5FCFAD4940FF0807D3FE94EFBFE0B174EBC3AD4940),
	('RG7 3', 'RG 7 3', 'RG7', 'RG 7', 'RG', 297, 15.347254992533, 5.9256082803183, 465562.5, 165995.498, -1.057662, 51.388714, _binary 0x0000000001030000000100000035000000BD3B0759A3FFF0BFFF2E6B8AB4B3494082A11F27B1F7F0BF85B9402F85B34940BCACAD626DEBF0BF36682F6AD0B349400D452331AFDCF0BFDEB576E9C1B34940596BBA5B47D2F0BF98B4F408D2B349408AC9988F4BC2F0BF3787B9AA1FB449408571FB365FBAF0BFB0A5C20DE8B3494001C9CB0D63A6F0BF4AC437FFACB34940995A58F1C392F0BF31BDD9AEDEB349402689CB1AB179F0BF070E443297B34940B4ED790D6481F0BF7F7771D459B349405211E4DA0186F0BF412FABEFCAB2494097A1AB55FD81F0BFFD24C9E0B9B249403B72B560DA60F0BFAC6EA21BE2B249400C2837E1AE61F0BFF9F13F5071B2494067CCDA830C56F0BFDB62EFAD3CB24940414DF8208B54F0BF3FCA58DAAEB14940AC2794E5E014F0BF1A3131A20CB14940E3E30ACDDE23F0BF40E7CFBCBBB0494002732EBC1557F0BF70E3AB1BB8B049402EE61E2AAD64F0BFEE8A789E1EB04940A63B1BF4477BF0BF6D187D80EFAF4940FB78DF275C96F0BF6D800E057CAF4940F168DB0CC3A9F0BF6F85824D82AF4940C4B0843BAAB0F0BF903DCE8CD5AF4940BDFD1816F3B7F0BF0E238E71DAAF494085E5960E06B9F0BF0E15A3EEBDAF4940A91B1F7210BFF0BFE143BDFCC5AF49401E1FF34E76C8F0BF8C476A6D88AF494086E7994C9CEDF0BFA599586198AF494015E09BF7F101F1BF7B907E81B9AF4940239278699616F1BF72C7812C1BB04940D153AF580332F1BFAFACBE4603B04940338330D0D835F1BFDA95B269E8AF4940314261F89547F1BFF392FC9BF5AF4940620086142275F1BFF125203ADEAF494012296419FD7CF1BF543AB7C4BAAF4940C44C707E018DF1BF0331DB06CEAF49400C0DA185B8D1F1BF7F23018DA4AF4940C0D2B17500CDF1BF163AFE58F2AF4940CDB118D6B3B2F1BFB3B885A438B0494081DEB4CFD68EF1BF622FC83A42B049402029EA7E2890F1BF7AE21EF2DFB049409A4C1D558158F1BFD41C1C0134B14940FB96BED9ED46F1BF6EDABF1271B14940928EF6D7383BF1BFA7E511916EB149403F8169D3D036F1BFF1DB9A9E82B14940BE391F825E35F1BF213D3B5CA7B1494004A64246F63DF1BFFA2984C0D6B14940887C9038914BF1BFC2C53A0E90B2494051857035E340F1BF9CBCB0AB0EB349409AD65788EF35F1BF9B2868446CB34940BD3B0759A3FFF0BFFF2E6B8AB4B34940),
	('RG7 4', 'RG 7 4', 'RG7', 'RG 7', 'RG', 220, 45.826307542723, 17.693636260275, 460555.501, 166584, -1.129518, 51.394562, _binary 0x000000000103000000010000005F000000DEA19FDF944FF2BFE0B174EBC3AD49406AFC78A39757F2BF219C5411F6AD4940EDEAF7B3694EF2BFAA15DD5710AE49402E165D2CA351F2BF850214A147AE49401A36B54CA35BF2BF91AE4B942EAE4940055BE5234C61F2BF13F961485CAE49407EB8AE7C8466F2BF536316BB49AE494013783AE78A6AF2BFDF90A20872AE4940554A654D9C87F2BF2F23F89C3CAE49407BCD1645C68FF2BF9C8371505CAE4940599793E4C689F2BFB518DA5A8EAE4940000A7F89C59EF2BFF269711D5DAE4940000A7F89C59EF2BF143D855A76B24940F0BCDEC2549AF2BFE552E07F73B249405B16807C7599F2BFF14180CE54B24940B196E8CB5184F2BF00BAC0D556B2494037D786479570F2BF586981ABA9B24940451E5523A476F2BF295CABB7C5B249400AD287BBE963F2BFA8E623D22DB349404061D2C3025AF2BF34E7774132B349406F50AB210A27F2BF6CAC0FF0BFB34940976C6F380D19F2BF369DE58BCDB34940B83DB36CF80AF2BFDD798F0A9FB349408154D7D0AE00F2BFD8132566B0B34940FEE786E15FF9F1BF8590865278B44940230D92117FD5F1BFF00BFC0EDFB4494056E7E15F1ED3F1BFA6AFE08000B5494036806FAA29CFF1BFCF6C753AECB44940A1D275B1B8ACF1BFEA8482F246B549405612ED6A28AEF1BFAE775E1786B549404633FA1540A5F1BF412229708BB549409D0834605D9BF1BFAB958452B7B549403E555537AE95F1BFE2DE2130ABB549408842DA314C86F1BF9F986964DEB54940E8B464AA077BF1BF6798D6CB14B649402A47DAAA107FF1BF4489DA6638B64940F18A47C7007CF1BF486671C84FB6494024813E2E5A75F1BFF68C1D4F4DB6494022605668396DF1BF4136F6F27BB649406290DDB3C75EF1BF38D4A70E80B64940782E80459952F1BF1F0F6DB9A9B64940B4A205320C4FF1BF2ECF2C21DFB64940844B5FE24D47F1BFD9435040E9B64940676C883EC045F1BFD479064509B74940F9B48B1C2140F1BFC56E2BEF12B7494011E9C59C4644F1BF4986EA537FB74940E0E0F7C9C33FF1BF041C3DE0A3B749408B0B12B82944F1BFA589FA3FDBB74940738899AAD53AF1BF232C1453E2B74940BF3533BD0739F1BF13686318C2B74940176E34F66A22F1BFA5BB6681EAB7494060D64F49F50CF1BF070F81AF33B849406B04817357E0F0BFCAE2222396B749405844652ECCA1F0BF4C45EFBA91B64940F2CC53F268A8F0BF42DAE07B5FB6494019D0E7AB9EB7F0BFEC4FA7172EB64940775FB772A8FAF0BFF0064CE817B649403DDA4A78A900F1BFBA6B6BC802B64940062266E8A801F1BFD341130BEDB54940CA06E5FBE2FDF0BFF0804846EEB54940AC6D6E42FC01F1BF5A37E3FFC9B54940219B989564F7F0BF43690BD297B54940F965EAEC94FDF0BFDFF45A2C7FB54940E85F9794C7FEF0BF2A61585932B5494056C37CB3920CF1BF165835382EB5494091B4C4F4E610F1BF7AB70E6F0BB5494039EAB4929904F1BFE0AE8D53DAB44940BE3D66A78EFBF0BFEC47758173B44940F5D55B028D02F1BF2312084662B44940A192EE9AE306F1BF4E7F906FDFB34940BD3B0759A3FFF0BFFF2E6B8AB4B349409AD65788EF35F1BF9B2868446CB3494051857035E340F1BF9CBCB0AB0EB34940887C9038914BF1BFC2C53A0E90B2494004A64246F63DF1BFFA2984C0D6B14940BE391F825E35F1BF213D3B5CA7B149403F8169D3D036F1BFF1DB9A9E82B14940928EF6D7383BF1BFA7E511916EB14940FB96BED9ED46F1BF6EDABF1271B149409A4C1D558158F1BFD41C1C0134B149402029EA7E2890F1BF7AE21EF2DFB0494081DEB4CFD68EF1BF622FC83A42B04940CDB118D6B3B2F1BFB3B885A438B04940C0D2B17500CDF1BF163AFE58F2AF49400C0DA185B8D1F1BF7F23018DA4AF494031285C454CE8F1BF90BB53924AAF4940B95DE2B75CEFF1BF8677DBAE61AF4940A6BCCB9EE0EEF1BFC9466D5736AF4940CC8DDC5386DBF1BF8DB4ED43A1AE4940C52ECD78DCDAF1BF4210531777AE49401263CE817D04F2BF74E3AD4A37AE49409C6904409C15F2BFB95F185605AE49405D40C6BE6F19F2BFA50BE596D2AD49403FBE2E52E633F2BFE0B174EBC3AD4940DEA19FDF944FF2BFE0B174EBC3AD4940),
	('RG7 5', 'RG 7 5', 'RG7', 'RG 7', 'RG', 228, 30.113900677258, 11.627042053622, 459730.5, 169792.501, -1.140836, 51.423499, _binary 0x0000000001030000000100000037000000000A7F89C59EF2BF143D855A76B24940000A7F89C59EF2BF3806F5E9ECB549403B47B16C9D8AF2BFCB413443F5B54940E25D63635352F2BF8AB0BCE1B3B6494035E92DBB8126F2BF72BF49A811B74940BDF146C567F2F1BF95BB34CF3FB849403601585D56D2F1BFA3D2F30E68B949409BF87D7516B9F1BF1F29973BEAB949403468E83CC7ADF1BF933220665FBA4940809E87A01497F1BF555E56ABA7BA49407CEB7AA42B94F1BF7C67B832C8BA49402944D0F51073F1BF6BABF9FD8CBA4940043D56DE6355F1BF705C3C7737BA4940BE65364C7043F1BF67B60EE7E5B94940EC63C5E8761DF1BF5302D84E8EB8494060D64F49F50CF1BF070F81AF33B84940176E34F66A22F1BFA5BB6681EAB74940BF3533BD0739F1BF13686318C2B74940738899AAD53AF1BF232C1453E2B749408B0B12B82944F1BFA589FA3FDBB74940E0E0F7C9C33FF1BF041C3DE0A3B7494011E9C59C4644F1BF4986EA537FB74940F9B48B1C2140F1BFC56E2BEF12B74940676C883EC045F1BFD479064509B74940844B5FE24D47F1BFD9435040E9B64940B4A205320C4FF1BF2ECF2C21DFB64940782E80459952F1BF1F0F6DB9A9B649406290DDB3C75EF1BF38D4A70E80B6494022605668396DF1BF4136F6F27BB6494024813E2E5A75F1BFF68C1D4F4DB64940F18A47C7007CF1BF486671C84FB649402A47DAAA107FF1BF4489DA6638B64940E8B464AA077BF1BF6798D6CB14B649408842DA314C86F1BF9F986964DEB549403E555537AE95F1BFE2DE2130ABB549409D0834605D9BF1BFAB958452B7B549404633FA1540A5F1BF412229708BB549405612ED6A28AEF1BFAE775E1786B54940A1D275B1B8ACF1BFEA8482F246B5494036806FAA29CFF1BFCF6C753AECB4494056E7E15F1ED3F1BFA6AFE08000B54940230D92117FD5F1BFF00BFC0EDFB44940FEE786E15FF9F1BF8590865278B449408154D7D0AE00F2BFD8132566B0B34940B83DB36CF80AF2BFDD798F0A9FB34940976C6F380D19F2BF369DE58BCDB349406F50AB210A27F2BF6CAC0FF0BFB349404061D2C3025AF2BF34E7774132B349400AD287BBE963F2BFA8E623D22DB34940451E5523A476F2BF295CABB7C5B2494037D786479570F2BF586981ABA9B24940B196E8CB5184F2BF00BAC0D556B249405B16807C7599F2BFF14180CE54B24940F0BCDEC2549AF2BFE552E07F73B24940000A7F89C59EF2BF143D855A76B24940),
	('RG7 6', 'RG 7 6', 'RG7', 'RG 7', 'RG', 198, 28.761586384537, 11.104910586175, 457637, 171021, -1.170745, 51.434762, _binary 0x000000000103000000010000000F000000000A7F89C59EF2BF457DDD14ECBA4940FEB7489FF167F2BF361F228EFABA49404899F337C116F2BFF6DA8C30CABA49403468AE0E0AC8F1BF2D495EE1E5BA49407CEB7AA42B94F1BF7C67B832C8BA4940809E87A01497F1BF555E56ABA7BA49403468E83CC7ADF1BF933220665FBA49409BF87D7516B9F1BF1F29973BEAB949403601585D56D2F1BFA3D2F30E68B94940BDF146C567F2F1BF95BB34CF3FB8494035E92DBB8126F2BF72BF49A811B74940E25D63635352F2BF8AB0BCE1B3B649403B47B16C9D8AF2BFCB413443F5B54940000A7F89C59EF2BF3806F5E9ECB54940000A7F89C59EF2BF457DDD14ECBA4940),
	('RG7 8', 'RG 7 8', 'RG7', 'RG 7', 'RG', 30, 0.14344649043324, 0.055384999591611, 458293.501, 162833.998, -1.162646, 51.36108, _binary 0x0000000001030000000100000006000000000A7F89C59EF2BFF269711D5DAE4940599793E4C689F2BFB518DA5A8EAE49407BCD1645C68FF2BF9C8371505CAE494020170323BF9AF2BF10C35EE501AE4940000A7F89C59EF2BF57BA90E706AE4940000A7F89C59EF2BFF269711D5DAE4940),
	('RG8 0', 'RG 8 0', 'RG8', 'RG 8', 'RG', 208, 25.066639323595, 9.678283550245, 463817, 182274.003, -1.079808, 51.535279, _binary 0x000000000103000000010000002E000000EA0E96A55542F2BF8215B66089C549407306FBB48A6AF0BF8215B66089C5494076A869031264F0BF55A6B5CD52C5494037FCA3413366F0BF3C919EB405C44940ED2F97A05552F0BFA7024AFD8AC3494029D61D469670F0BF478B1AE36CC34940A6095D178F81F0BFC99CDCB2A5C34940AE96E0E0538BF0BFE003C820B2C349404F7B17E12094F0BFB4FC8AD79AC34940ED866D00F173F0BFCC567A2CA9C249401814D3B63681F0BF2461CD686AC249400F42E0508A96F0BF47060AF537C24940BFB1515974A7F0BFBCD11AF785C24940D22A8629D4B5F0BF030472AA20C24940EDEA44E0D3D3F0BF8EF18E6C1CC249402ECA4DE566DCF0BF0FFF4573BBC1494046B3A0A667F2F0BF7182CF02AAC1494062C6C38DCC09F1BF4A91660EA0C24940CC2C24DA991BF1BF9F0FA9691EC349406146880F5627F1BF1E4017253BC34940018D3690D921F1BF6FE7C39950C349403540C1F2A923F1BF1432FBBB9CC34940218FE1F41436F1BF01882551E4C34940DFBE86CE6939F1BFDC5CED3AC3C3494056CC33204649F1BFD5F620E8B4C349408A61E7FBE45BF1BF9626F3A407C349408549198CAC68F1BFD41A13F3FCC249403A3D7C6EF76BF1BF20735D05D3C249400DF7E7E67691F1BFF154C271CFC249404D227661BEABF1BFE7E83F8714C3494069AE0D10FFDDF1BF2FDA1CCC10C34940E65D36E7D7E7F1BFC5F26A71CCC249403C1C362D8A09F2BF59C99F09EBC249404075210C061AF2BF6E379454B4C249401F0405FF7916F2BF58131CEF6BC24940EE6B94E4701AF2BF1BA7CB0A68C2494025F56B28A922F2BF15F0A7E2ACC2494034E7F140C924F2BFB130CB8DF7C24940075330E1F724F2BF4EE35BADBCC34940432D643F211FF2BF02AA70AEB9C3494095E28DAF531FF2BF197B42F1E2C349403CC1675FBB2DF2BF6DCDF821FDC3494036CAB99DAD26F2BF0AE47A166CC449401AED2FB53D29F2BFA3444ECFC5C44940A7686ACF282FF2BF7047217124C54940EA0E96A55542F2BF8215B66089C54940),
	('RG8 7', 'RG 8 7', 'RG8', 'RG 8', 'RG', 234, 18.734453647458, 7.2334129923969, 463737.001, 178681.502, -1.081611, 51.502987, _binary 0x00000000010300000001000000340000000F42E0508A96F0BF47060AF537C2494087BCEA352C8EF0BFB802BB9C05C24940B8548C067E91F0BF23D3BDD6E9C1494001C12CD6978CF0BF6395446BD3C1494086EBFF07C7B9F0BF7110D310A3C04940CFDADF6AA7C6F0BF73264CF577BF4940E18E96E2BBD4F0BFC59289D1F7BE4940763C68D9C9F6F0BF3A95933BF3BE494049EA0DA10722F1BFDD120546AFBE4940B29451CF6F22F1BFE4A9701F6CBE49402B9C5A6D0F2FF1BFD2D1B1ABE0BD49400EB068C4582EF1BFC2781BDC9CBD49400FE4F2116134F1BFD6837308AEBD4940E50BD6640B37F1BF64D4F0EE7ABD4940FA00DF6E5E54F1BF27BDB09A5FBD4940062F51C68A65F1BF28746F8873BD49404987D7152269F1BFA2A2CC662FBD494007B1F200BF6FF1BF6C78BC912CBD494042760A2C9D70F1BF023C59F603BD49403A5C7F09FF78F1BFAE8487F200BD49403FAAFFF8277CF1BF3F8B92C499BD494093B85F370C82F1BFD3AE81F3FBBD4940429489A66FA8F1BFDA7374230ABF4940180C8C7544BFF1BF2025968DA6C04940CBD8CC86F3D6F1BFD46077F9AAC14940A6C2D83442E2F1BF365376ACB5C149400FA8DB821CFFF1BF965A8F0D1DC249407468DA521F0AF2BFF3413B9C28C249401F0405FF7916F2BF58131CEF6BC249404075210C061AF2BF6E379454B4C249403C1C362D8A09F2BF59C99F09EBC24940E65D36E7D7E7F1BFC5F26A71CCC2494069AE0D10FFDDF1BF2FDA1CCC10C349404D227661BEABF1BFE7E83F8714C349400DF7E7E67691F1BFF154C271CFC249403A3D7C6EF76BF1BF20735D05D3C249408549198CAC68F1BFD41A13F3FCC249408A61E7FBE45BF1BF9626F3A407C3494056CC33204649F1BFD5F620E8B4C34940DFBE86CE6939F1BFDC5CED3AC3C34940218FE1F41436F1BF01882551E4C349403540C1F2A923F1BF1432FBBB9CC34940018D3690D921F1BF6FE7C39950C349406146880F5627F1BF1E4017253BC34940CC2C24DA991BF1BF9F0FA9691EC3494062C6C38DCC09F1BF4A91660EA0C2494046B3A0A667F2F0BF7182CF02AAC149402ECA4DE566DCF0BF0FFF4573BBC14940EDEA44E0D3D3F0BF8EF18E6C1CC24940D22A8629D4B5F0BF030472AA20C24940BFB1515974A7F0BFBCD11AF785C249400F42E0508A96F0BF47060AF537C24940),
	('RG8 8', 'RG 8 8', 'RG8', 'RG 8', 'RG', 199, 32.593235716238, 12.584318663922, 461423.001, 174970.499, -1.115595, 51.469876, _binary 0x0000000001030000000100000041000000000A7F89C59EF2BF457DDD14ECBA4940000A7F89C59EF2BF3D2CCF518DBF494039D6AB6B2C8EF2BF46271CAB73BF4940635C1D0B518FF2BFDEBAD86050BF4940E764EE5D2C7CF2BFD475431AA9BE4940BDBA1F138E62F2BFEE9752F5E1BE4940AA46654BD05CF2BF81BBC38D1CBF4940E34DDB210261F2BF85FD932966BF49402E6464E54056F2BFBE1981EBB8BF49405B3D3F586440F2BFD9C627107ABF4940A56191F0CA31F2BFF35206BAEEBE4940736D6A218FF3F1BF40C3C85388BE4940088B3CE147E5F1BFD9C4CAAA0EBE494082EF6623A1D0F1BF0EFF3D98C7BD4940842A05EE52C4F1BF9EF43B8775BD49409CF15AAA2DB4F1BFD242121C87BD4940DB270319B995F1BFBBFA091A77BD49403FAAFFF8277CF1BF3F8B92C499BD49403A5C7F09FF78F1BFAE8487F200BD494042760A2C9D70F1BF023C59F603BD494007B1F200BF6FF1BF6C78BC912CBD49404987D7152269F1BFA2A2CC662FBD4940062F51C68A65F1BF28746F8873BD4940FA00DF6E5E54F1BF27BDB09A5FBD4940E50BD6640B37F1BF64D4F0EE7ABD49400FE4F2116134F1BFD6837308AEBD49400EB068C4582EF1BFC2781BDC9CBD49402B9C5A6D0F2FF1BFD2D1B1ABE0BD4940B29451CF6F22F1BFE4A9701F6CBE494049EA0DA10722F1BFDD120546AFBE4940763C68D9C9F6F0BF3A95933BF3BE4940E18E96E2BBD4F0BFC59289D1F7BE494075520C3D67AFF0BF96B9A0B297BE49407CF5881406A4F0BFC2D550B651BE4940E9FF43710C9AF0BF2E65EF23FABD4940DC9D77130AA0F0BF95FEA67123BD4940713B382F7E8FF0BF5075090BD6BC4940DFD978281E93F0BFE3E33A48B5BC4940AA763B68C1BDF0BFC2ECB311FABC4940AD607CF2BBC6F0BFA74CC93266BD494075D1D185B5CEF0BF141FB31978BD49408025F81EC3D5F0BF8B7255A526BD49409B4709604BE5F0BFA35018CA35BD4940F5D5290061EEF0BF74D97D94C2BC49402FC70BBF6DF1F0BF4A2386AD28BC4940FF94A6F885EBF0BFEA61EA32D0BB494093D8EFD04EF5F0BF77D2EEB5D1BB494092B0C06698FCF0BF5E7A4A5D96BB49401FCD9824E5E8F0BF63ED4BFC53BB49400BEFBD66A9E0F0BFA6AEDB2407BB4940BBB951C094FBF0BFF0C5B1FC41BA49405E4AD30CF9FDF0BFA2935DE8F5B94940B780AEC849F3F0BFE577EBCD99B949401BD34D5118FCF0BFD5AED35990B9494065CE15002906F1BFEB30F1C739B9494084EB52D96F09F1BF4A4D3B9FCFB84940EC63C5E8761DF1BF5302D84E8EB84940BE65364C7043F1BF67B60EE7E5B94940043D56DE6355F1BF705C3C7737BA49402944D0F51073F1BF6BABF9FD8CBA49407CEB7AA42B94F1BF7C67B832C8BA49403468AE0E0AC8F1BF2D495EE1E5BA49404899F337C116F2BFF6DA8C30CABA4940FEB7489FF167F2BF361F228EFABA4940000A7F89C59EF2BF457DDD14ECBA4940),
	('RG8 9', 'RG 8 9', 'RG8', 'RG 8', 'RG', 207, 36.454002889487, 14.074969203143, 458340.498, 179607.502, -1.159207, 51.511896, _binary 0x000000000103000000010000002A000000000A7F89C59EF2BF0523E4285EC449405763A3572E9BF2BF9BDA12DC56C44940B0E21CB5C76FF2BF8A9D342BEEC449403499092DD34FF2BF6B65A32F09C54940790EDDA45E49F2BF8215B66089C54940EA0E96A55542F2BF8215B66089C54940A7686ACF282FF2BF7047217124C549401AED2FB53D29F2BFA3444ECFC5C4494036CAB99DAD26F2BF0AE47A166CC449403CC1675FBB2DF2BF6DCDF821FDC3494095E28DAF531FF2BF197B42F1E2C34940432D643F211FF2BF02AA70AEB9C34940075330E1F724F2BF4EE35BADBCC3494034E7F140C924F2BFB130CB8DF7C2494025F56B28A922F2BF15F0A7E2ACC24940EE6B94E4701AF2BF1BA7CB0A68C249401F0405FF7916F2BF58131CEF6BC249407468DA521F0AF2BFF3413B9C28C249400FA8DB821CFFF1BF965A8F0D1DC24940A6C2D83442E2F1BF365376ACB5C14940CBD8CC86F3D6F1BFD46077F9AAC14940180C8C7544BFF1BF2025968DA6C04940429489A66FA8F1BFDA7374230ABF494093B85F370C82F1BFD3AE81F3FBBD49403FAAFFF8277CF1BF3F8B92C499BD4940DB270319B995F1BFBBFA091A77BD49409CF15AAA2DB4F1BFD242121C87BD4940842A05EE52C4F1BF9EF43B8775BD494082EF6623A1D0F1BF0EFF3D98C7BD4940088B3CE147E5F1BFD9C4CAAA0EBE4940736D6A218FF3F1BF40C3C85388BE4940A56191F0CA31F2BFF35206BAEEBE49405B3D3F586440F2BFD9C627107ABF49402E6464E54056F2BFBE1981EBB8BF4940E34DDB210261F2BF85FD932966BF4940AA46654BD05CF2BF81BBC38D1CBF4940BDBA1F138E62F2BFEE9752F5E1BE4940E764EE5D2C7CF2BFD475431AA9BE4940635C1D0B518FF2BFDEBAD86050BF494039D6AB6B2C8EF2BF46271CAB73BF4940000A7F89C59EF2BF3D2CCF518DBF4940000A7F89C59EF2BF0523E4285EC44940),
	('RG9 1', 'RG 9 1', 'RG9', 'RG 9', 'RG', 286, 3.1153653404211, 1.2028492825849, 475798.998, 181944.003, -0.907139, 51.53083, _binary 0x0000000001030000000100000015000000BB8916223DC6EDBF0B26F32AB7C349403B0AA5A0A6BDEDBF3C79575116C449406188467C0775EDBFECC1902A8CC449405391B2FFF853EDBF2035DE1901C5494077BFD40C2817EDBF72B10A4BAFC44940A2C060B50FCDECBFC71F871BC9C449400DE3E1E2C7CCECBF9BD4A146A9C44940AD0F0CBA12B0ECBF18AEFE9F6FC44940FCBBF7333862ECBFCDBB9771C4C349405F1F4B5D53ABECBF2443680989C34940FB0506D12AA2ECBF8D68CF4059C3494029841E2CBCB2ECBFA2E1B76453C349400ADF0BDA2CD0ECBF8439F47F12C349401A32A6EB17F5ECBF0F8034BD05C34940E9F963F77AF9ECBFAF2276242AC34940AFB9B3EA1118EDBFB5407F7A15C349409BD9DD0E5549EDBF744C9D7B39C349404F55FEB55891EDBF663E505C14C3494058F3FDAD019CEDBF750BD4ED36C3494009C02AE5B095EDBF2448B6D27CC34940BB8916223DC6EDBF0B26F32AB7C34940),
	('RG9 2', 'RG 9 2', 'RG9', 'RG 9', 'RG', 119, 1.4983286215665, 0.57850791499277, 475799.996, 183091, -0.906877, 51.541143, _binary 0x0000000001030000000100000010000000792C5F8739EAECBF8215B66089C54940F8EF0A7388C6ECBFCD35617857C54940BA46DDCDB1CDECBF371E3C3FE9C4494011AF278539ADECBF7C15D924E7C449405EDF5B2F1BBCECBF6A3A7E38C0C449408B164BBF459EECBF0D29A106B8C449404C41E02B929CECBF9737370699C44940AD0F0CBA12B0ECBF18AEFE9F6FC449400DE3E1E2C7CCECBF9BD4A146A9C44940A2C060B50FCDECBFC71F871BC9C4494077BFD40C2817EDBF72B10A4BAFC449405391B2FFF853EDBF2035DE1901C5494080A1DF95AE65EDBF5BAC3C6A2AC54940D7DD9F86AF55EDBF4F75C1BB5AC54940C84EC865006EEDBF8215B66089C54940792C5F8739EAECBF8215B66089C54940),
	('RG9 3', 'RG 9 3', 'RG9', 'RG 9', 'RG', 134, 16.415839974045, 6.3381912482661, 477519.5, 182282.001, -0.882263, 51.533636, _binary 0x000000000103000000010000002A000000E336D093F5F4EABF8215B66089C54940AA6CF27487E1EABF4441B3A152C549408A388863C3DCEABFC946DABC8CC449400290601948F3EABF3CA20AAE48C449404CCA651A8AFBEABF2FFC022B82C44940C69115EE9CF2EABFEC17D6B2C4C44940D5D66D799422EBBF9AC7BB9CD5C44940C8221860E55BEBBF99093739BEC449401A50D0B527C3EBBFF8E30122CDC449403CE29A8CF6C7EBBFE7BCD2714DC4494007F322385CF7EBBF83465A64AEC3494038995E096C1BECBF430C661FE7C2494077BC9A3F4B1DECBF39A7800A50C249409F0D0E48B32AECBF92E75C3432C249400C2D0EEA412FECBF38431C3EC6C14940D36D564C4A29ECBF0CB2A49170C1494099F207A0D0FCEBBFF6426C2B32C14940BBB771CAE2DAEBBFD11E95D4DAC04940F54913A248DFEBBFA2E401B0AFC04940C957DE03B4D6EBBF52774FBF83C049405237D981D2DFEBBFE3FEED7D58C04940F66B97D98346ECBF4C7304131DC0494038D9CE22C05FECBF102707BB5AC0494076C2F791D89AECBFE103233E74C04940C2F5EBFEC993ECBF08DF049883C049401F501197BB9FECBFD3CF435D93C0494076F67C732DA0ECBF6061456FD2C0494096C6DBEAFF80ECBF1F8B5CA970C14940EC891B28B599ECBFCA5D795141C24940C3FF588CF499ECBF67C7196DDBC24940E221E3D4E564ECBF0585ACE642C34940EC06B1D2874FECBF3E52A9498FC34940FCBBF7333862ECBFCDBB9771C4C34940AD0F0CBA12B0ECBF18AEFE9F6FC449404C41E02B929CECBF9737370699C449408B164BBF459EECBF0D29A106B8C449405EDF5B2F1BBCECBF6A3A7E38C0C4494011AF278539ADECBF7C15D924E7C44940BA46DDCDB1CDECBF371E3C3FE9C44940F8EF0A7388C6ECBFCD35617857C54940792C5F8739EAECBF8215B66089C54940E336D093F5F4EABF8215B66089C54940),
	('RG9 4', 'RG 9 4', 'RG9', 'RG 9', 'RG', 178, 30.60652988311, 11.817247253363, 473912.001, 181514.501, -0.93443, 51.527219, _binary 0x0000000001030000000100000038000000C84EC865006EEDBF8215B66089C54940D7DD9F86AF55EDBF4F75C1BB5AC5494080A1DF95AE65EDBF5BAC3C6A2AC549405391B2FFF853EDBF2035DE1901C549406188467C0775EDBFECC1902A8CC449403B0AA5A0A6BDEDBF3C79575116C44940BB8916223DC6EDBF0B26F32AB7C3494009C02AE5B095EDBF2448B6D27CC3494058F3FDAD019CEDBF750BD4ED36C349404F55FEB55891EDBF663E505C14C349409BD9DD0E5549EDBF744C9D7B39C34940AFB9B3EA1118EDBFB5407F7A15C34940E9F963F77AF9ECBFAF2276242AC349401A32A6EB17F5ECBF0F8034BD05C349400ADF0BDA2CD0ECBF8439F47F12C3494029841E2CBCB2ECBFA2E1B76453C34940FB0506D12AA2ECBF8D68CF4059C349405F1F4B5D53ABECBF2443680989C34940FCBBF7333862ECBFCDBB9771C4C34940EC06B1D2874FECBF3E52A9498FC34940E221E3D4E564ECBF0585ACE642C34940C3FF588CF499ECBF67C7196DDBC24940EC891B28B599ECBFCA5D795141C2494096C6DBEAFF80ECBF1F8B5CA970C1494076F67C732DA0ECBF6061456FD2C049401F501197BB9FECBFD3CF435D93C04940C2F5EBFEC993ECBF08DF049883C0494076C2F791D89AECBFE103233E74C0494038D9CE22C05FECBF102707BB5AC04940F66B97D98346ECBF4C7304131DC04940901C0ABC3381ECBFE2E0B371CABF4940A3E3CD37D695ECBFB896DBF192BF494054CE420EA1B4ECBF57409FD8A7BF49406842C4706ACAECBF59A268A1D6BF4940CA20B0986307EDBF5A977D2D67BF4940EE886F4BEB4BEDBFE867C5E344BF4940E931C0F3556BEDBF7390094FF0BE49405CAB00ADCB91EDBFA696ADD42DBF494073A8487920D2EDBF0C1D5A9E3EBF4940272458085E09EEBF109FDADAA1BF4940DD935E426942EEBF91D00125C3BF4940B7C8B2492F63EEBFCFF14C49F2BF49403B4AE92799D9EEBF15AC403F38C149406742B7ED5BB5EEBF510850DB9FC149406A397136B1F6EEBF2A7445DF67C24940D1BFBF79B6F5EEBF67C726C8ACC2494000B13154783BEFBF9164577A1AC34940F2C99184E419EFBFC4B495BD8AC349401FBEA1E3F618EFBFC1FD16BCDBC3494090B590F76E25EFBF88866A8D0EC449402F9D1746E648EFBF2315B0581DC4494019ED35DC6F4AEFBF653384285CC44940090C05922A3CEFBFDDD678A26DC44940F54C248EA537EFBF8039DF8DDCC449407BC802FDF36BEFBF8215B66089C54940C84EC865006EEDBF8215B66089C54940),
	('RG9 5', 'RG 9 5', 'RG9', 'RG 9', 'RG', 207, 27.131716288205, 10.475614223837, 469015, 184654.497, -1.004401, 51.556071, _binary 0x00000000010600000002000000010300000001000000040000007306FBB48A6AF0BF8215B66089C54940FC0DA0CA175EF0BF8215B66089C5494076A869031264F0BF55A6B5CD52C549407306FBB48A6AF0BF8215B66089C549400103000000010000001A0000006D1F37B96A24F0BF8215B66089C549407BC802FDF36BEFBF8215B66089C54940F54C248EA537EFBF8039DF8DDCC44940090C05922A3CEFBFDDD678A26DC4494019ED35DC6F4AEFBF653384285CC449402F9D1746E648EFBF2315B0581DC4494090B590F76E25EFBF88866A8D0EC449401FBEA1E3F618EFBFC1FD16BCDBC34940F2C99184E419EFBFC4B495BD8AC3494000B13154783BEFBF9164577A1AC34940EF5D287D484EEFBF08A6A434BFC24940D43E8C8B3F58EFBF0C6445EDCBC2494062B6F5DACF67EFBFA618FB92A5C249403010113828B3EFBFEC33788D38C3494051FDA25A98BDEFBF19843F901AC3494038A4944673D3EFBF1246283059C34940F53A995C44C0EFBF903A92908DC349404127701DF5D6EFBF66BAEA87B5C349409772DFBC17F6EFBFA65B2814BDC34940611C6DDACA0FF0BFCB2D70C821C44940D1985F66DA4FF0BFA98AD18267C44940FC3FED747057F0BF5B80A2689FC4494034BBBAD63557F0BF9BC853D7F4C44940A54E49798E35F0BFF643EFE906C549403434C239F81FF0BF360AEE703DC549406D1F37B96A24F0BF8215B66089C54940),
	('SL6 3', 'SL 6 3', 'SL6', 'SL 6', 'SL', 268, 27.108892564104, 10.466801934696, 486254, 177421.498, -0.757542, 51.488671, _binary 0x00000000010300000001000000130000000014FE120B25E8BF5AFEA9CD91C149400014FE120B25E8BF5C5B8CDE89BB49407383D76CE395E8BF4508519C20BC4940D5B8B062E0E7E8BFECDE673F76BC494031A23B40C03EE9BF1917688142BD4940D975774C876DE9BF60150D5757BE49406D929A7C9DB6E9BFA7589EEA5DBF49402A38597C13DAE9BFC05FF8EE1BC049409002087047DDE9BF7F245B2386C04940BC5639A233F0E9BF40455325EDC0494080BC2945B6ECE9BF5C5CB54F76C1494095918E6B11DCE9BFE8F64DE506C249409F26EF359488E9BF8C188C7D87C24940A8B6BF792141E9BFF485468F89C24940C0BDA2464423E9BF83A9965041C249403C2687159CF1E8BFABD073EA04C2494015C045577CA2E8BFCF0D17D53CC2494087862AC67C67E8BFE40EBE19CFC149400014FE120B25E8BF5AFEA9CD91C14940),
	('SL6 4', 'SL 6 4', 'SL6', 'SL 6', 'SL', 215, 2.4278070956039, 0.93738156013734, 487035.001, 180422.499, -0.745554, 51.515531, _binary 0x000000000103000000010000000D0000000014FE120B25E8BF5AFEA9CD91C1494087862AC67C67E8BFE40EBE19CFC1494015C045577CA2E8BFCF0D17D53CC249405A1C116D5A77E8BF14CB797365C24940490CE0B53787E8BF01700C8EB6C24940AF13E98B997AE8BFFFFB36790BC34940920AC0597770E8BFC81CAD292BC34940DD68EA604265E8BFC2500E8329C349401E723C170057E8BFD63B7F28CEC249408B4BD8053C2FE8BF92AFB74296C24940BC36A8C29F2CE8BF6E69147175C249400014FE120B25E8BFB2D1A28F7EC249400014FE120B25E8BF5AFEA9CD91C14940),
	('SL6 5', 'SL 6 5', 'SL6', 'SL 6', 'SL', 144, 7.0372570535692, 2.7171001386011, 482334.456, 183213.5, -0.812635, 51.541329, _binary 0x0000000001060000000200000001030000000100000010000000E336D093F5F4EABF8215B66089C54940CAD29F92C92BE9BF8215B66089C549404744C5B46F33E9BF77635D8962C549405E7E3BD6AF35E9BFAC4B09711AC549400A4DA374791DE9BFCEF134A2DAC3494031363CE86043E9BF7B15739834C449402EC632DD5268E9BFE0379BBBEAC449405F793839188FE9BF14B55467F8C4494069996A811CB9E9BF427088D845C549400BEB793FC7DAE9BF711F2E8021C549400DC168CC840CEABFBB0650FB1FC54940FE9E24A03420EABFCC7C7908CBC4494016BB954BFF3DEABFEC90DF2DC7C34940C1FAC4053262EABF839B941862C34940AA6CF27487E1EABF4441B3A152C54940E336D093F5F4EABF8215B66089C549400103000000010000000C0000000014FE120B25E8BFEFA6F83128C449400014FE120B25E8BFB2D1A28F7EC24940BC36A8C29F2CE8BF6E69147175C249408B4BD8053C2FE8BF92AFB74296C249401E723C170057E8BFD63B7F28CEC24940DD68EA604265E8BFC2500E8329C349401040FFFB0C65E8BF9477495C9FC3494036A335F9354AE8BF669446E3C6C349406FE6B150EB4DE8BFB854D41FF4C349400C402292F633E8BF4AC58E0047C44940A12A362EAF2BE8BF853B67F125C449400014FE120B25E8BFEFA6F83128C44940),
	('SL6 6', 'SL 6 6', 'SL6', 'SL 6', 'SL', 227, 16.896990288697, 6.5239644233366, 485169.498, 182509.002, -0.771931, 51.534574, _binary 0x00000000010300000001000000220000000014FE120B25E8BFEFA6F83128C44940A12A362EAF2BE8BF853B67F125C449400C402292F633E8BF4AC58E0047C449406FE6B150EB4DE8BFB854D41FF4C3494036A335F9354AE8BF669446E3C6C349401040FFFB0C65E8BF9477495C9FC34940DD68EA604265E8BFC2500E8329C34940920AC0597770E8BFC81CAD292BC34940AF13E98B997AE8BFFFFB36790BC34940490CE0B53787E8BF01700C8EB6C249405A1C116D5A77E8BF14CB797365C2494015C045577CA2E8BFCF0D17D53CC249403C2687159CF1E8BFABD073EA04C24940C0BDA2464423E9BF83A9965041C24940A8B6BF792141E9BFF485468F89C249409F26EF359488E9BF8C188C7D87C2494095918E6B11DCE9BFE8F64DE506C249404E3220B4DDF1E9BF0F01362856C2494034B005F2BC25EABF4587BF0CABC24940C1FAC4053262EABF839B941862C3494016BB954BFF3DEABFEC90DF2DC7C34940FE9E24A03420EABFCC7C7908CBC449400DC168CC840CEABFBB0650FB1FC549400BEB793FC7DAE9BF711F2E8021C5494069996A811CB9E9BF427088D845C549405F793839188FE9BF14B55467F8C449402EC632DD5268E9BFE0379BBBEAC4494031363CE86043E9BF7B15739834C449400A4DA374791DE9BFCEF134A2DAC349405E7E3BD6AF35E9BFAC4B09711AC549404744C5B46F33E9BF77635D8962C54940CAD29F92C92BE9BF8215B66089C549400014FE120B25E8BF8215B66089C549400014FE120B25E8BFEFA6F83128C44940);
/*!40000 ALTER TABLE `amd_postcode_sector_boundaries` ENABLE KEYS */;

-- Dumping structure for table amd_sample.amd_postcode_sector_centroids
CREATE TABLE IF NOT EXISTS `amd_postcode_sector_centroids` (
  `PostSect` varchar(10) DEFAULT NULL,
  `Structured_PostSect` varchar(10) DEFAULT NULL,
  `PostDist` varchar(5) DEFAULT NULL,
  `Structurred_Dist` varchar(5) DEFAULT NULL,
  `PostArea` varchar(5) DEFAULT NULL,
  `Postcode_Count` double DEFAULT NULL,
  `AREA_KM` double DEFAULT NULL,
  `AREA_MI` double DEFAULT NULL,
  `X_Coord` double DEFAULT NULL,
  `Y_Coord` double DEFAULT NULL,
  `Longitude` double DEFAULT NULL,
  `Latitude` double DEFAULT NULL,
  `geom` geometry NOT NULL,
  SPATIAL KEY `AMD_POSTCODE_SECTOR_CENT_geom_1488214164922` (`geom`)
) ENGINE=MyISAM DEFAULT CHARSET=utf8;

-- Dumping data for table amd_sample.amd_postcode_sector_centroids: 70 rows
/*!40000 ALTER TABLE `amd_postcode_sector_centroids` DISABLE KEYS */;
INSERT INTO `amd_postcode_sector_centroids` (`PostSect`, `Structured_PostSect`, `PostDist`, `Structurred_Dist`, `PostArea`, `Postcode_Count`, `AREA_KM`, `AREA_MI`, `X_Coord`, `Y_Coord`, `Longitude`, `Latitude`, `geom`) VALUES
	('RG1 1', 'RG 1 1', 'RG1', 'RG 1', 'RG', 76, 0.29151718591307, 0.11255541473326, 471434.001, 173751.003, -0.97172, 51.457736, _binary 0x000000000101000000FE771F3FC924EFBF531334E3A7BA4940),
	('RG1 2', 'RG 1 2', 'RG1', 'RG 1', 'RG', 120, 0.4953942991106, 0.19127280821623, 471643.5, 172954.996, -0.968866, 51.450553, _binary 0x000000000101000000258DEF3E680DEFBF4C273487BCB94940),
	('RG1 3', 'RG 1 3', 'RG1', 'RG 1', 'RG', 231, 1.0764748836518, 0.41562927619469, 472809.999, 173544.997, -0.951959, 51.455708, _binary 0x0000000001010000001DAF0A5DEB82EEBFEC42507765BA4940),
	('RG1 4', 'RG 1 4', 'RG1', 'RG 1', 'RG', 117, 0.32049765092336, 0.12374483482929, 472392.502, 173149.995, -0.958048, 51.45221, _binary 0x00000000010100000065A080D8CBB4EEBFA96709DBF2B94940),
	('RG1 5', 'RG 1 5', 'RG1', 'RG 1', 'RG', 176, 1.4510578244157, 0.56025655817679, 472923.5, 172618.502, -0.950517, 51.447364, _binary 0x000000000101000000AAA71C021A77EEBF04E3680E54B94940),
	('RG1 6', 'RG 1 6', 'RG1', 'RG 1', 'RG', 174, 1.512923080902, 0.58414286724494, 470683.997, 172354.498, -0.982794, 51.445274, _binary 0x00000000010100000049BE9B377C7FEFBF6263C3920FB94940),
	('RG1 7', 'RG 1 7', 'RG1', 'RG 1', 'RG', 212, 0.90828855302446, 0.35069217090214, 470761.501, 173436.998, -0.981462, 51.454997, _binary 0x0000000001010000006B6673869474EFBF035705264EBA4940),
	('RG1 8', 'RG 1 8', 'RG1', 'RG 1', 'RG', 98, 1.0321839502047, 0.39852845118689, 471705.499, 174116.504, -0.967739, 51.460988, _binary 0x000000000101000000D4AEE0682C04EFBFD411B06F12BB4940),
	('RG10 0', 'RG10 0', 'RG10', 'RG10', 'RG', 238, 31.538273623278, 12.17699552265, 481537, 174768.497, -0.826085, 51.465519, _binary 0x000000000101000000801B7D6FE27BEABF028F19F4A6BB4940),
	('RG10 8', 'RG10 8', 'RG10', 'RG10', 'RG', 139, 14.973183885492, 5.7811786184415, 479632.498, 179970.498, -0.852325, 51.51256, _binary 0x00000000010100000064A6565CD552EBBFF0544333ACC14940),
	('RG10 9', 'RG10 9', 'RG10', 'RG10', 'RG', 291, 16.256961849546, 6.2768480614519, 477342.52, 176392.502, -0.886107, 51.480709, _binary 0x000000000101000000694A60BF8667ECBFEC26489D98BD4940),
	('RG12 1', 'RG12 1', 'RG12', 'RG12', 'RG', 235, 1.4569411845808, 0.56252813623604, 486013.001, 169234.501, -0.763004, 51.415102, _binary 0x0000000001010000001ABE68362977E8BFB24F6B2433B54940),
	('RG12 8', 'RG12 8', 'RG12', 'RG12', 'RG', 188, 3.6689477200577, 1.4165886342937, 485236.501, 167835.497, -0.774505, 51.402642, _binary 0x00000000010100000007E581585CD5E8BF509F34E09AB34940),
	('RG2 0', 'RG 2 0', 'RG2', 'RG 2', 'RG', 472, 3.0900349314228, 1.1930691569939, 471275.997, 170776.5, -0.974594, 51.431012, _binary 0x000000000101000000819DDBF04F3CEFBF97B04F493CB74940),
	('RG2 6', 'RG 2 6', 'RG2', 'RG 2', 'RG', 23, 1.3192404416126, 0.50936158214312, 470706.498, 169478.001, -0.983044, 51.419408, _binary 0x000000000101000000AD4030AE8781EFBFD3C09B18C0B54940),
	('RG2 7', 'RG 2 7', 'RG2', 'RG 2', 'RG', 230, 2.4080009888961, 0.92973437958512, 472660.5, 171306.498, -0.95457, 51.435601, _binary 0x0000000001010000004C39743F4D98EEBFFC3FF8A9D2B74940),
	('RG2 8', 'RG 2 8', 'RG2', 'RG 2', 'RG', 232, 2.4360409994167, 0.9405606881727, 472682.996, 169576.998, -0.954602, 51.420048, _binary 0x000000000101000000FBD9EC9F8D98EEBF1555DA14D5B54940),
	('RG2 9', 'RG 2 9', 'RG2', 'RG 2', 'RG', 192, 17.531892913858, 6.7691016973756, 475029, 167153.502, -0.921378, 51.397953, _binary 0x00000000010100000074004E476988EDBFC309102801B34940),
	('RG30 1', 'RG30 1', 'RG30', 'RG30', 'RG', 160, 1.9356521020743, 0.74735945479811, 469793, 174148.999, -0.99526, 51.461519, _binary 0x00000000010100000053415F9D99E5EFBF86B445D423BB4940),
	('RG30 2', 'RG30 2', 'RG30', 'RG30', 'RG', 230, 2.1279478486606, 0.8216052576336, 468965.001, 173062.001, -1.00739, 51.451847, _binary 0x000000000101000000879B46237A24F0BF14FE21EEE6B94940),
	('RG30 3', 'RG30 3', 'RG30', 'RG30', 'RG', 221, 16.402640457852, 6.3330948865725, 468100, 170023.5, -1.020422, 51.424632, _binary 0x000000000101000000F88F4E12D959F0BFCFDC633C6BB64940),
	('RG30 4', 'RG30 4', 'RG30', 'RG30', 'RG', 252, 2.9525514159214, 1.1399864748948, 467571.998, 173092.002, -1.02743, 51.452285, _binary 0x000000000101000000AE1C4AD08D76F0BFB01B2F43F5B94940),
	('RG30 6', 'RG30 6', 'RG30', 'RG30', 'RG', 113, 1.6068523366314, 0.62040915563235, 468070.499, 174400.002, -1.020005, 51.463986, _binary 0x0000000001010000007E414ACC2458F0BF83AF79A274BB4940),
	('RG31 4', 'RG31 4', 'RG31', 'RG31', 'RG', 98, 1.5655156445335, 0.60444896958634, 465873.998, 172456.504, -1.051984, 51.446771, _binary 0x00000000010100000030FBDB8F1DDBF0BF8AACF29740B94940),
	('RG31 5', 'RG31 5', 'RG31', 'RG31', 'RG', 170, 1.6814954932471, 0.64922903952211, 466171.364, 173717.498, -1.04747, 51.458075, _binary 0x000000000101000000C3408376A0C8F0BFC308DCF0B2BA4940),
	('RG31 6', 'RG31 6', 'RG31', 'RG31', 'RG', 215, 2.8193705651697, 1.0885650609431, 466584.5, 175046.003, -1.041273, 51.469971, _binary 0x00000000010100000088C0344140AFF0BFBDF772B938BC4940),
	('RG31 7', 'RG31 7', 'RG31', 'RG31', 'RG', 127, 2.4797610650688, 0.95744109989258, 466341.501, 171847.498, -1.045372, 51.441241, _binary 0x0000000001010000001476D01508C0F0BFAC4916668BB84940),
	('RG4 5', 'RG 4 5', 'RG4', 'RG 4', 'RG', 112, 1.2641198246223, 0.48807939294296, 472428.5, 175007.499, -0.95715, 51.468907, _binary 0x000000000101000000FFCCACED70ADEEBFF12F19E615BC4940),
	('RG4 6', 'RG 4 6', 'RG4', 'RG 4', 'RG', 180, 9.4703910233632, 3.6565384163615, 474799, 175705.499, -0.922877, 51.474874, _binary 0x00000000010100000079DE5A9DB694EDBF550A926DD9BC4940),
	('RG4 7', 'RG 4 7', 'RG4', 'RG 4', 'RG', 238, 15.66289087426, 6.0474759755668, 468697, 177237.5, -1.010434, 51.489423, _binary 0x0000000001010000006EBECD09F430F0BFCC74490EB6BE4940),
	('RG4 8', 'RG 4 8', 'RG4', 'RG 4', 'RG', 248, 3.405411709457, 1.3148368117471, 471633.503, 175874.995, -0.968418, 51.476808, _binary 0x00000000010100000007E79F1BBF09EFBF5E14FAC218BD4940),
	('RG4 9', 'RG 4 9', 'RG4', 'RG 4', 'RG', 197, 21.438847017554, 8.277585110139, 471031.498, 179794.004, -0.976297, 51.51212, _binary 0x0000000001010000007F340D574B4AEFBFAB1688BA9DC14940),
	('RG40 1', 'RG40 1', 'RG40', 'RG40', 'RG', 320, 3.1934623498268, 1.2330027064922, 482591.498, 168939.001, -0.812267, 51.412955, _binary 0x00000000010100000015E0A68DAE0AEABF537660BEECB44940),
	('RG40 2', 'RG40 2', 'RG40', 'RG40', 'RG', 127, 2.2626251622011, 0.87360445909829, 482079.501, 168133.501, -0.819815, 51.405787, _binary 0x0000000001010000006640E0DF8048EABF6AC492E501B44940),
	('RG40 3', 'RG40 3', 'RG40', 'RG40', 'RG', 215, 16.624959467892, 6.4189327362337, 482454, 165316.003, -0.815086, 51.380401, _binary 0x0000000001010000009E3979A9C221EABF9B9DD527C2B04940),
	('RG40 4', 'RG40 4', 'RG40', 'RG40', 'RG', 173, 12.920368996924, 4.9885823588774, 478120, 164583.497, -0.877516, 51.374428, _binary 0x000000000101000000B58177AD2021ECBF637F076EFEAF4940),
	('RG40 5', 'RG40 5', 'RG40', 'RG40', 'RG', 83, 8.9013721138447, 3.436838987145, 481899, 171069.001, -0.821731, 51.432205, _binary 0x0000000001010000005043A8633558EABF97F81B7963B74940),
	('RG41 1', 'RG41 1', 'RG41', 'RG41', 'RG', 91, 2.1551634452565, 0.83211325822531, 479870.5, 169800.999, -0.851195, 51.421095, _binary 0x000000000101000000E78588608A49EBBF1BAF956CF7B54940),
	('RG41 2', 'RG41 2', 'RG41', 'RG41', 'RG', 139, 1.7433951685227, 0.67312863775909, 480430.497, 168146.503, -0.843517, 51.40614, _binary 0x000000000101000000BBF1F52AA60AEBBF9F8113750DB44940),
	('RG41 3', 'RG41 3', 'RG41', 'RG41', 'RG', 130, 1.7413944361187, 0.67235615065924, 479227.501, 168996.499, -0.860621, 51.413952, _binary 0x000000000101000000BA34030CC096EBBF5B9177630DB54940),
	('RG41 4', 'RG41 4', 'RG41', 'RG41', 'RG', 110, 4.2797058034302, 1.652403648631, 478696, 167717.5, -0.868547, 51.402526, _binary 0x00000000010100000091E1D8E0AAD7EBBFAFB9270B97B34940),
	('RG41 5', 'RG41 5', 'RG41', 'RG41', 'RG', 230, 7.7875786767044, 3.0068009368947, 477815.002, 169894.502, -0.880733, 51.422221, _binary 0x0000000001010000006D60E8A67D3BECBFF7D7B0521CB64940),
	('RG42 1', 'RG42 1', 'RG42', 'RG42', 'RG', 120, 0.9029126142055, 0.34861650931995, 485629, 169779.5, -0.768393, 51.42006, _binary 0x000000000101000000C8C0CAD64EA3E8BF1DC97895D5B54940),
	('RG42 4', 'RG42 4', 'RG42', 'RG42', 'RG', 133, 4.7574981616106, 1.8368803094596, 485526.497, 170239.998, -0.769756, 51.424216, _binary 0x0000000001010000009A7C98CF78AEE8BF6BF007BD5DB64940),
	('RG42 5', 'RG42 5', 'RG42', 'RG42', 'RG', 103, 11.720169973176, 4.5251829251277, 485035.998, 173111.002, -0.77612, 51.450102, _binary 0x000000000101000000069E6EEF9BE2E8BFF59042DCADB94940),
	('RG45 6', 'RG45 6', 'RG45', 'RG45', 'RG', 228, 5.4074421710027, 2.0878250944176, 483155.497, 164166.502, -0.805277, 51.369964, _binary 0x00000000010100000064FFDD1368D1E9BF36F086316CAF4940),
	('RG45 7', 'RG45 7', 'RG45', 'RG45', 'RG', 158, 5.6827257307725, 2.194112671056, 483999.998, 164110.003, -0.79316, 51.369332, _binary 0x000000000101000000BE8EE3B8276EE9BFBD3FB67B57AF4940),
	('RG5 3', 'RG 5 3', 'RG5', 'RG 5', 'RG', 210, 2.6444886456452, 1.0210427743246, 475846.997, 173055.997, -0.908357, 51.450913, _binary 0x00000000010100000016EED197C51DEDBF6303F05EC8B94940),
	('RG5 4', 'RG 5 4', 'RG5', 'RG 5', 'RG', 270, 5.7437988955198, 2.2176931517939, 477310.998, 173242.499, -0.88725, 51.452392, _binary 0x000000000101000000371C9836E170ECBFD01F1BD5F8B94940),
	('RG6 1', 'RG 6 1', 'RG6', 'RG 6', 'RG', 149, 2.9250645921979, 1.1293737529237, 474261.212, 173037.498, -0.93118, 51.450957, _binary 0x000000000101000000C79EE20DB8D8EDBFD39A61CCC9B94940),
	('RG6 3', 'RG 6 3', 'RG6', 'RG 6', 'RG', 94, 1.4238981881518, 0.54977016399008, 475926.5, 170476.001, -0.907767, 51.427706, _binary 0x0000000001010000002E27C143ED18EDBF67AD9400D0B64940),
	('RG6 4', 'RG 6 4', 'RG6', 'RG 6', 'RG', 125, 1.9546081222429, 0.75467841510259, 474608.498, 169816, -0.926862, 51.421947, _binary 0x000000000101000000EA4F7F2B56B5EDBF45F6B24D13B64940),
	('RG6 5', 'RG 6 5', 'RG6', 'RG 6', 'RG', 127, 1.722696754345, 0.66513693536668, 474325, 170643.503, -0.930765, 51.429424, _binary 0x000000000101000000D1B583B64FD5EDBF11D9B64A08B74940),
	('RG6 6', 'RG 6 6', 'RG6', 'RG 6', 'RG', 35, 1.0397297368429, 0.40144189569581, 473547.499, 171945.569, -0.941678, 51.441233, _binary 0x000000000101000000AF584249B32EEEBF9AE42A2E8BB84940),
	('RG6 7', 'RG 6 7', 'RG6', 'RG 6', 'RG', 145, 1.9976226613946, 0.77128642151775, 475240.998, 171679.002, -0.91737, 51.438613, _binary 0x0000000001010000007D905A3F9867EDBFFE8A9C6035B84940),
	('RG7 1', 'RG 7 1', 'RG7', 'RG 7', 'RG', 289, 32.744303542949, 12.642646277902, 472077.5, 165303.002, -0.964177, 51.381697, _binary 0x00000000010100000092D7B3FAF9E6EEBFB3DEB689ECB04940),
	('RG7 3', 'RG 7 3', 'RG7', 'RG 7', 'RG', 297, 15.347254992533, 5.9256082803183, 465562.5, 165995.498, -1.057662, 51.388714, _binary 0x0000000001010000004F185CD95BF2F0BF3876B962D2B14940),
	('RG7 4', 'RG 7 4', 'RG7', 'RG 7', 'RG', 220, 45.826307542723, 17.693636260275, 460555.501, 166584, -1.129518, 51.394562, _binary 0x0000000001010000001EBF0E86A618F2BF8DEE5BF591B24940),
	('RG7 5', 'RG 7 5', 'RG7', 'RG 7', 'RG', 228, 30.113900677258, 11.627042053622, 459730.5, 169792.501, -1.140836, 51.423499, _binary 0x000000000101000000E13AE4790147F2BF8821200E46B64940),
	('RG8 0', 'RG 8 0', 'RG8', 'RG 8', 'RG', 208, 25.066639323595, 9.678283550245, 463817, 182274.003, -1.079808, 51.535279, _binary 0x000000000101000000D7CDD0CB144DF1BF87997A7B94C44940),
	('RG8 7', 'RG 8 7', 'RG8', 'RG 8', 'RG', 234, 18.734453647458, 7.2334129923969, 463737.001, 178681.502, -1.081611, 51.502987, _binary 0x0000000001010000008AED31217654F1BF17E2587372C04940),
	('RG8 8', 'RG 8 8', 'RG8', 'RG 8', 'RG', 199, 32.593235716238, 12.584318663922, 461423.001, 174970.499, -1.115595, 51.469876, _binary 0x0000000001010000001A4DCD6EA3DFF1BF1AAFBF9335BC4940),
	('RG8 9', 'RG 8 9', 'RG8', 'RG 8', 'RG', 207, 36.454002889487, 14.074969203143, 458340.498, 179607.502, -1.159207, 51.511896, _binary 0x000000000101000000751564434292F2BFF947CD4F96C14940),
	('RG9 1', 'RG 9 1', 'RG9', 'RG 9', 'RG', 286, 3.1153653404211, 1.2028492825849, 475798.998, 181944.003, -0.907139, 51.53083, _binary 0x000000000101000000BEEC2A5DD113EDBFB359BDCD02C44940),
	('RG9 2', 'RG 9 2', 'RG9', 'RG 9', 'RG', 119, 1.4983286215665, 0.57850791499277, 475799.996, 183091, -0.906877, 51.541143, _binary 0x00000000010100000055A42817AE11EDBFEEF298AD54C54940),
	('RG9 3', 'RG 9 3', 'RG9', 'RG 9', 'RG', 134, 16.415839974045, 6.3381912482661, 477519.5, 182282.001, -0.882263, 51.533636, _binary 0x0000000001010000001069590C1048ECBF7A6103BA5EC44940),
	('RG9 4', 'RG 9 4', 'RG9', 'RG 9', 'RG', 178, 30.60652988311, 11.817247253363, 473912.001, 181514.501, -0.93443, 51.527219, _binary 0x0000000001010000008FF9BA075DF3EDBFD03A42778CC34940),
	('SL6 3', 'SL 6 3', 'SL6', 'SL 6', 'SL', 268, 27.108892564104, 10.466801934696, 486254, 177421.498, -0.757542, 51.488671, _binary 0x00000000010100000008A91AD2724AE8BFCFEE4C8D9DBE4940),
	('SL6 5', 'SL 6 5', 'SL6', 'SL 6', 'SL', 144, 7.0372570535692, 2.7171001386011, 482334.456, 183213.5, -0.812635, 51.541329, _binary 0x0000000001010000008759178FBC0DEABF8E4FD7CF5AC54940),
	('SL6 6', 'SL 6 6', 'SL6', 'SL 6', 'SL', 227, 16.896990288697, 6.5239644233366, 485169.498, 182509.002, -0.771931, 51.534574, _binary 0x000000000101000000F164D37052C0E8BFD41B02877DC44940);
/*!40000 ALTER TABLE `amd_postcode_sector_centroids` ENABLE KEYS */;

/*!40101 SET SQL_MODE=IFNULL(@OLD_SQL_MODE, '') */;
/*!40014 SET FOREIGN_KEY_CHECKS=IF(@OLD_FOREIGN_KEY_CHECKS IS NULL, 1, @OLD_FOREIGN_KEY_CHECKS) */;
/*!40101 SET CHARACTER_SET_CLIENT=@OLD_CHARACTER_SET_CLIENT */;
