location_id,id,location,agent_id,user_id,latitude,longitude,default_radius,_geometry
1,0,Aldershot,1,1,51.248366,-0.755751,2.1,0103000000010000000F0000001AA375543541E9BF040473F4F8A14940A3CC069964E4E8BF6DE2E47E87A24940B1BFEC9E3C2CE8BFD061BEBC00A34940C0E78711C2A3E7BF97CADB114EA34940422619390B7BE7BF508D976E12A349405D16139B8F6BE7BF04ADC090D5A1494012DA722EC555E7BF069E7B0F97A04940AD342905DD5EE7BF9CBF098508A049405D6DC5FEB27BE7BFDEE522BE139F4940C4995FCD0182E7BFC32ADEC83C9E4940A779C7293A92E7BF68B3EA73B59D4940A4C7EF6DFAB3E7BF0551F701489D49407D3F355EBA49E8BF19390B7BDA9D4940B3CD8DE9094BE9BF894160E5D09E49401AA375543541E9BF040473F4F8A14940
5,1,Ascot,1,1,51.410771,-0.674823,1.75,01030000000100000019000000EC8497E0D407E5BF527FBDC282B749404FE5B4A7E49CE5BF26FF93BF7BB74940035B25581CCEE5BFD3BCE3141DB74940A7B1BD16F45EE6BFFF3C0D1824B749405C001AA54B7FE6BFB03DB32440B7494095B9F94674CFE6BF3E4162BB7BB64940D124B1A4DCFDE6BF1686C8E9EBB54940CF4BC5C6BC0EE7BF098849B890B5494005871744A426E7BF058BC3995FB54940F4C29D0B233DE7BF7C0DC17119B54940BCAE5FB01B36E7BF1F10E84CDAB449400057B2632310E7BFB14F00C5C8B44940124F7633A39FE6BF2EA9DA6E82B34940A226FA7C9491E6BF0DFD135CACB24940A7B1BD16F45EE6BF965B5A0D89B14940B41EBE4C1421E6BFEC6987BF26B149408E0244C18CA9E5BF18EAB0C22DB14940DD990986730DE5BFF25EB532E1B349406211C30E63D2E4BF77D844662EB449407B12D89C8367E4BFAC527AA697B44940C97553CA6B25E4BF7C0DC17119B5494043FE99417C60E4BF8081204086B64940E124CD1FD3DAE4BFE57FF277EFB64940A585CB2A6C06E5BF527FBDC282B74940EC8497E0D407E5BF527FBDC282B74940
6,2,Ash,1,1,51.248116,-0.725394,1.7,0103000000010000004703000027F2F831897BE6BFA0FFBF33729F49402C26C4233285E6BFF779AEA7819F494070F24CF3A086E6BF1EEE48F1839F4940EDCC7A28CE94E6BF2228EE9D9A9F4940DAE1A8C95495E6BFC2E240799B9F4940436402352A99E6BF434B49B6A19F4940EEEE9AEC569DE6BFD18D4B82A89F4940158316A1B8A0E6BF0FA3F4D1AD9F4940C7F319CB77A3E6BF0729E922B29F49404A94E262A4A3E6BF0B474069B29F494055EB02EA39A4E6BFE1F5AE55B39F4940C588ABE8CCAAE6BFD1AE5DC1BD9F4940DE6686B5CFB2E6BF019AE478CA9F49408D1819BE2CB4E6BF4B46A4C1CC9F4940EA9B2DDC6BB4E6BFA1EBF02ACD9F4940FD176698BFB5E6BFB19BBE62CF9F49400F114B851BB6E6BFDB3596FCCF9F494009EC240A16BBE6BF4C7EB751D89F494017A869C073BBE6BFFA371DEFD89F4940BC80D480D4BCE6BFB4CBE03DDB9F49403C70C9D513BEE6BF3A31C753DD9F4940B43B2677CAC0E6BF269ACDB4E19F4940481BA5B863C1E6BFF0A1F6ABE29F4940721A0EAB5BC2E6BFD5B6EF3BE49F494091BA72DBD2C3E6BF14C3A898E69F494033CE582056C5E6BFB5C0C108E99F49406FB5555E2CC8E6BF171E709BED9F4940E47F3EA5B7C8E6BFEE5FD07CEE9F4940BD08506D75CAE6BF5428A54CF19F49407B63FB9536CBE6BF4235E582F29F4940A4357457FDCBE6BF09CEE4C2F39F49401767803781CCE6BF7F185C99F49F494054C37FEBABCCE6BFB9D035DDF49F4940BC77025284CDE6BF4018423AF69F4940C7BBFDDD3FCFE6BFF8BB1B39F99F4940D342623296CFE6BFFE2AD6CDF99F4940FF6164158ED1E6BF33D7C534FD9F4940C72631D5B7D1E6BF009D347CFD9F494085566A01E9D1E6BF9493CCD0FD9F4940141E37138DD3E6BF09C4B9D500A04940FA385BC4C1D5E6BF4E5C41E404A04940B2371B7C2BD6E6BF53FB8DA505A0494095A6008C7ED7E6BF025A784108A0494014BE278194D8E6BF7406E7640AA0494074F2F0A14BDAE6BF83DD55C50DA049405DDB24BE91DBE6BF7FE9CC4610A04940BD8B054005DDE6BFECA4CC2313A049402BF22E92A4DDE6BF63AB405D14A0494047B996F4C5DEE6BF33C659F216A0494038F0358717E2E6BF1EE7FF841EA04940A3D6CDE3D6E2E6BF74E1743A20A0494077A41D787BE3E6BF2B52A6B221A04940B7AE94AC9DE3E6BF6C1EA0FF21A049405EA1E6D9D9E4E6BF41EAC0D024A04940E17D6D6A59E5E6BF5786CDF425A04940B671843A68E5E6BFE409721626A049405D5CB3B8F6E7E6BF090E6BEC2BA049406E752FB918E9E6BF1086B4E528A0494017FE50A34CEAE6BFBA5F7CFB28A04940A66CF7A95FEBE6BF77EAA70E29A04940E0837C043EEFE6BF5A984A5529A049400021504396EFE6BF6681665B29A04940090FC91D13F0E6BF2CD5706429A0494020D213270EF0E6BF838E21CE24A0494064C1461BE0EFE6BFE0CCD3A521A049404A01CEBFCDEFE6BF2D6E285C20A049408A4DE4C6A4EFE6BFAA4A30841DA049408960B07482EFE6BFCF58E52B1BA04940E0A67F666EEFE6BFE1C746C819A0494021A91BEE66EFE6BFCEA8F93D19A04940B2342CEC67EFE6BFE526038215A04940F0BE7F3169EFE6BF085473BD13A04940CD17E2C169EFE6BFDD18A1C810A04940834A071B6AEFE6BF15C60C880FA049402818C8E06AEFE6BFEF1B49870DA04940A25BD68B6CEFE6BFF10D446E09A04940D0953B1E6DEFE6BF6F5B1F8507A04940F32B7C366DEFE6BF5A1E875705A049400B9067296EEFE6BF128BCC4A04A04940F263BA936EEFE6BF4A37C57C02A04940BE7CF10568EFE6BF6F34D4D7FF9F49407F758C7B63EFE6BF9AB7F72CFE9F4940FECFD3005BEFE6BFF1A54F06FB9F49402F064C955AEFE6BFDCBFA8B9FA9F4940AC6AA4D650EFE6BFD7E98A9AF49F49409120EAFB4EEFE6BFD3F11089F39F4940327AD1AC4BEFE6BF5C0167B7F19F4940B1B97BE145EFE6BF35E15193ED9F4940557B985D46EFE6BFADA4F39FE99F49400A0FC8FF4AEFE6BF0AFE2706E79F494061A3BCD14BEFE6BF70504F90E69F4940034D95DC4DEFE6BFCFF2D66AE59F49405FF4C20D53EFE6BF59861798E49F49402F7C294057EFE6BFE9336FD3E39F494081D8E80A98EFE6BFBEAC2071DC9F49403625FB31A1EFE6BFD4804D89DB9F49409EDE9415C0EFE6BF6ADE086FD89F4940D68591F4E7EFE6BFB3D0A28DD59F4940DE0A23F902F0E6BF4BC8A591D39F4940FA02AB3A31F0E6BFAC460E44D09F49408FF314A436F0E6BFFCFC26DACF9F49405B74F72689F0E6BF60E304ABCA9F4940A05BED728EF0E6BF89B7A451CA9F49400A8F7A759AF0E6BF3C71B9DDC89F4940A268D273A7F0E6BF59DFA55BC79F49407D2ECFABBBF0E6BF583BB1F8C49F4940874A8C1CEFF0E6BFE9BBF682C39F4940B7E68D453DF1E6BF3C26C644C19F49408CD618DB6AF1E6BFD2063FF3BF9F4940D601C48189F1E6BFD4CDDD15BF9F4940D46B83F2BFF1E6BFA95FC182BD9F49400F1A3098E1F1E6BF67C7CD8DBC9F494092E647C82CF2E6BFFDCE4568BA9F4940AFD66D5257F2E6BFAAC49230B99F4940CDF70CE180F2E6BFCB2B3F02B89F4940112062D38BF2E6BF49D482ABB79F49402236C9999EF2E6BF9604FE25B79F4940D17DEAD645F3E6BF0B63FA59B29F49405DE4A7905EF3E6BF8B13AEA6B19F49407D837B7769F3E6BFCA24D055B19F4940AC05691486F3E6BF43ADD38FB09F49409EAED997ABF3E6BFFD6EF285AF9F49406A1AF69443F4E6BFA1542664AB9F4940774A6D0271F4E6BFE58A4E24AA9F4940C36CD72FB1F4E6BF3968A963A89F494054A8008FE0F4E6BF556EC315A79F49405E72D262EBF4E6BFB26D8CCFA69F49405A4D1EC31CF5E6BFB35C9C73A59F49401C82C5AF29F5E6BF65B1EB84A49F4940098A1D9E4CF5E6BF36FC3BCAA19F4940D66E91F35CF5E6BF3890F687A09F49400E156CE3A4F5E6BF36AE5EEF9A9F49408C8D087BACF5E6BF4874FE599A9F4940FB85310EC0F5E6BFDF52E7DC989F4940CC588FB8D3F5E6BF3515254E979F4940BF48F3FED8F5E6BF8AFC07FD969F4940547896270DF6E6BF95BDC287939F4940806BF0D117F6E6BF6FA149D0929F49406CF450C058F6E6BF32BE22868E9F4940AF477FCF68F6E6BFBE4A39678D9F49406BB06BAF78F6E6BFE065E7668C9F4940521AAF117FF6E6BF4313CCFA8B9F4940F78EC56684F6E6BF468F6AA18B9F4940EAB5444884F7E6BF13703C618B9F494033871B03A8F7E6BF6B8D36588B9F494099BF01EDF7F7E6BF17407A468B9F4940DF64FCFD36F8E6BF4F7C8C378B9F4940B1B1F33B50F9E6BFA45C3BF78A9F49407E04A8E3C8FAE6BFD97EE2638A9F4940A83B037391FBE6BF1AA39B168A9F4940D9ABE1A521FDE6BFF8D5B479899F494009C9E6C574FDE6BF33E69336899F494068A3ED7623FEE6BF3FE097A8889F494015531B133BFEE6BFE0338995889F49402250E5025DFFE6BFA94BB8AA879F4940C89CE1ED2801E7BFE9465736869F494072B8110C8D01E7BF8D54A9E4859F494049227498B502E7BF26EE56F5849F4940F4C1F941EE02E7BF5F399DC7849F4940E9247BF8AD03E7BF38B3132C849F4940BA72A431DD03E7BFDC480C06849F49409B04B2DE2505E7BFCC26D9FB829F4940B22A569A0606E7BF5E518F45829F4940228E854FC606E7BF90DE17AA819F494042A9A94BF806E7BF35A1228A819F4940421202835707E7BF1F864953819F4940D79A79ED7107E7BFC7C7FB43819F494029D9C9309F07E7BF2C89B029819F49408FAE23474308E7BF724E83CB809F4940A42B04155708E7BFD0AE67BF809F4940D591F5CCF709E7BFC0D85FCF7F9F494006FFAB9F9F0AE7BF6A150C6F7F9F49405EC92F59B40AE7BFF3C60B637F9F49409C7A0A260A0BE7BF1C8BBA317F9F494043B7DA02A90CE7BF6635F0427E9F4940FCF689C5CD0CE7BF9871242E7E9F49409549629CF90DE7BFFCCBFE807D9F494088AA0E18550EE7BFA19E5F4C7D9F494080CED014FA0EE7BFA27512ED7C9F494016CEE155790FE7BFD1889AA37C9F49402A9475F9B00FE7BF85D2E5837C9F49402C0C8C251110E7BF074C294D7C9F4940E755D8AF2011E7BF697175B07B9F4940BF8E2C133B11E7BF800D16A17B9F4940E8D36F537911E7BFF56EF37C7B9F4940E16E8EAAA411E7BFAB25E2647B9F4940F4F5901DF812E7BFE4A3D1A07A9F494049E4C6161D13E7BF5CAF716E7A9F49405E2D7C717113E7BFB18679FD799F4940AEC2E3DAB114E7BFDF9ACF4C789F49402EBD43693816E7BF016E033C769F4940DF94D60EF516E7BF059F5E3D759F4940A51B4F93A117E7BF1E316954749F4940F731365BC31AE7BFA7120443719F49403F1F805FF71AE7BF571E4C10719F4940574BABF10F1BE7BF448A68F7709F4940D0EC145E3C1BE7BF70428CCC709F49401809BFE8401CE7BFB7C6A709709F4940F6562858C01CE7BF13C007AB6F9F49402DEB0F3B351EE7BFC4406D936E9F4940FD891F783E1FE7BF0C9732CD6D9F49402CE78162F91FE7BF8A15F6416D9F4940688F6F02B920E7BF0A0649B26C9F494036B99AE68B21E7BF15DF5FDA6B9F4940BA0BD9FCD021E7BF3D4D13936B9F4940B1C3976AEB21E7BFEC2C1D796B9F4940DB6D95A10A22E7BF89C454586B9F4940CD5539BA9422E7BF0A0809CB6A9F4940038731C95323E7BF44A16D076A9F49409B1D1BB70227E7BF717CE441669F49405B67F69A2727E7BF5E30661B669F4940CF69E9902D28E7BF0C707E0F659F4940C8087C717528E7BF7456D4C4649F4940EC1810071A29E7BF03EF801D649F494087E9FDA43129E7BF1619A504649F4940D4939E1C3B29E7BFA9FC2283649F4940A39875195429E7BF1C153AC7659F49405ADC185A8429E7BF6168113A689F49409BEE3ED2D729E7BF564900866C9F4940917EE2BE7B2AE7BF1FC50D9A729F4940BF414B9A3E2AE7BF6A21F32B739F4940A5A528874329E7BF39C3A67D759F4940C1C67BD80028E7BFCE63FC7B789F4940C20C6DE26426E7BFC2E4F2047C9F4940B1D18BFD2426E7BFC6A1D8907C9F4940C27919D0D625E7BF78DDDD3B7D9F4940996BEF7ABA25E7BF2DF01D607E9F494037C37AD55424E7BF75881803829F4940DA6D6580CA24E7BF3FB64005859F494017152E84D324E7BFBE396F3F859F4940BE9807CEA425E7BFB186379B8A9F4940D107E13C0226E7BF5F6795FF8C9F494072F2B78C7226E7BFC57722DE8F9F494028AB6B3FAA26E7BFA3DF6B4A919F4940964EDF50E726E7BF66E1EBD7929F4940DCE3B402FC26E7BFFC943B5F939F49400F8B284B3727E7BFEFBF78E4949F49401E3ADFD14C27E7BF14084375959F49403351CB705927E7BFB7D1C3C4959F49407B11678F7227E7BF8A251A6C969F49404B13C6A97A27E7BF5D0E4BA0969F49407A6A0FAEB827E7BF3E29A032989F49402CB1C515E127E7BF0EA0993D999F49406A27C082EF27E7BF783F2093999F49405F40573B6928E7BF7E29876E9C9F49406122D678DE28E7BF2856C1289F9F49406BE68EE90729E7BF245E5223A09F494032414FD82D29E7BF57EB8602A19F4940C9A2C73E6A29E7BF633F4070A29F4940946217141A2AE7BF0169FB89A69F49403B2123D5012BE7BF8736E1F4AB9F4940EE879965CF2BE7BF34011D06AC9F49404A8EFFD4D92EE7BF978A53E4A89F4940B090D9DA872FE7BF517AAA31A89F4940E690FF23DA2FE7BFFE76CADCA79F49403420AD22B130E7BF82E50817AB9F494034F6B7C94131E7BF2AC62CA8AC9F49402575A31E4032E7BF8AAD7368AF9F4940F9620A706133E7BF743BE28AB29F4940CA429B947733E7BF4129CAC6B29F494006B98E094534E7BF4BD5FD01B59F4940A1262EF0C634E7BFF8286469B69F4940AE3DFDE6F835E7BFE34431B9B99F494023ADAF885536E7BF10601CF9BA9F49403E075AE37236E7BF515AD35FBB9F4940BA00D0A78B36E7BFEA7791B4BB9F4940EB4D0426A736E7BF8C4A4015BC9F4940BC6DEF30DE36E7BF642CEAD1BC9F4940C5165D5C0537E7BF8ECC76FABC9F4940D03AB428283AE7BF293A5341C09F49402A391F19623BE7BFBAC67EAFC19F4940858B9E0E063CE7BFC73A916EC29F494017C4D87C1B3CE7BF68123988C29F49403DEB46282D3CE7BFE5C2C9A1C29F494054603FE2723CE7BFC3E60609C39F494096BD5759C53CE7BF5522C10CC29F49408515B523FF3CE7BF310BD73FC19F4940B1CABB65453DE7BF8C6A254AC09F4940B91F9EB1573DE7BF419FF808C09F4940B5F054AB3A3EE7BF2F77F802BD9F4940584AB335613EE7BF39E33377BC9F49403A5C5CA0BF3EE7BF2CD7851FBB9F4940E44F03843F3FE7BF260F0C6BB99F494070B1D8AAA13FE7BF8AC3A31AB89F4940443601B67940E7BFB8B92F1FB99F494056137B374243E7BF250A7C78BC9F49400440375F2643E7BF5DB5C95ABD9F4940A1E8B3101144E7BFDF50C171BE9F4940994F84E08E44E7BF90921207BF9F4940AC7142F3B544E7BF9B2D7E35BF9F4940EA1893124248E7BF9BB64AF3C29F4940EDE78BD9C44BE7BFAB222BA7C69F49405E0FB07AEA4BE7BF7A9D89AEC79F49406AE3952BCC4BE7BFB085CF5CC89F49407A2E269D814AE7BFB16F65CCCF9F494073B03B45374AE7BF7BFC5E77D19F49402C04D3218C4DE7BF3B6AD21FD59F49405873EB45734EE7BFBD48EA1DD69F4940064CA206D54EE7BF20C95668D39F4940F5ABAD56FC4EE7BF2861BD7BD39F4940F4D6DEA6DA50E7BFEFCB7F63D49F4940FC23021E5352E7BF8AEBDA73D49F49408CB5FB222654E7BFE8A69EC5D39F494002BC0A8E6155E7BFE8B6354FD39F4940B4FD4CA74D5AE7BFAD93A782CC9F49403ED307DBAB58E7BF8FF72E11C69F4940B0B74462BE59E7BF74D56959C59F49404AEBBC211C59E7BFF979F77FC19F4940E382DD2DC361E7BF7624362CB99F4940FAA7E7793462E7BF64344D5AB99F494005BB83F9C062E7BFE7FD8480B89F49400F0EABF1DC62E7BFA5371790B79F4940836303CE0F63E7BF5F0349DFB59F49408D93E3117D62E7BFE4AF8AEFB49F494015ACFBF8A662E7BFBAF0BE7AB29F494026CFA4E1A262E7BFF3E0E678AF9F49400A3FB0278562E7BF9878933BAE9F49404D85C9686E62E7BF8B2E9F46AD9F49406E477F474362E7BF79BEF59FAB9F494092B8F9C87163E7BFF8B7624EA79F4940F2C2299D0364E7BF11CC1037A89F4940E1013CAC6065E7BF1C544BFAA99F49402A9481BC2966E7BF9C8415FEAA9F4940F7C15F49DA66E7BF5BE4C80DAC9F4940E4C95864FA67E7BFBDA77BC7AD9F494003C8F2881F68E7BF1B529301AE9F49409F59864D806AE7BFAAB7AA16B19F49402390522A4D6CE7BF8B1C925AB39F4940B154FD84716CE7BFEACC1592B49F49400CC0BF416D6CE7BF954901FEB69F4940D7C68081446CE7BFD5C3EBBFB79F494011BD5B9E216DE7BFAF7C500AB89F4940086A2AD60B6EE7BF56ABA6D3B79F4940389E00607F6EE7BF176A4FDEB89F4940C260914F2E79E7BF16BF2806BD9F4940DD8256D7867CE7BFF8B8E20FBE9F4940F64DDDB0DA7FE7BFCCA1CD7CBD9F4940AE9539F27280E7BFE7C1B7B1C19F494056D8873AC780E7BFAD2F31E3C29F4940C4950D899681E7BF41EE7CA1C49F4940EC032086AC81E7BF46E8C6F3C49F49402C853EEBC881E7BFAD12AE5CC59F4940F2B98C65CA81E7BFFE3A8896C59F49407E99EB13CD81E7BF3EB96433C69F4940EEFB538D8B81E7BF92E542ADC79F4940B649E90D7681E7BFC9F65229C89F49407AE0D1976981E7BFFFDBDF50C89F49407B62FF739280E7BF1B4CC903CB9F49408F984A1C3B80E7BF15A1C69DCC9F4940E6395AC72580E7BFF2BF0C01CD9F49400EF78031CC7FE7BF630E6FF6D09F49404AC0BC81347FE7BFB666789FD79F4940CF5BDB63017FE7BF80C5AD7AD99F4940E307B045D47EE7BF222D5F1CDB9F4940B68E9C9E677EE7BF5F2E6B9CDD9F494081E6FD334E7EE7BF13EFDF2FDE9F49400C6A56449B7DE7BFB3426F9CE09F4940303E48C5417DE7BF9A9047D3E19F49402037ED81057DE7BF8FF9AF75E29F494002CE9018CC7CE7BFA87E2E11E39F49408A029885967CE7BF0811DE9FE39F4940B97D52B47D7CE7BF896159D7E39F4940456FF14AE17BE7BFC2A26633E59F494050CEEBAA497BE7BF9A7FD683E69F494042219CB74F79E7BF1A8A8AA4EA9F49401AB5F507D978E7BF221EA9EAEB9F49404DB54AE3F877E7BF302EBD7AEF9F4940D304F47A8076E7BF0E1C2CDAF69F49403B0192845B76E7BFECFCAB91F79F494078813F077175E7BFB7EDE4BDFC9F494034DDF86AB574E7BF82CB8FE000A04940B6DBADCC5F74E7BFE622470802A04940C6F591452074E7BF8E8DC76302A049405758D5D52573E7BF6D9570CD03A04940819824E2B371E7BFBD3AEBE305A04940F23703579971E7BF33A6B40906A04940F6E5C1610471E7BF1C74F8E106A04940784548A03570E7BF72158E0B08A04940D35B2A98AE6FE7BFDFBC10FC08A049407642431E916FE7BFA3AD043109A049405BC90501466FE7BF008E7FB609A0494009C83278136FE7BFA064A5260AA049404E7044CF286EE7BFCFB3E32E0CA049405E7466ECF06DE7BF7986447A0CA049404B4639E7DE6DE7BF8B3B71930CA04940DF0671C09D6DE7BF614573C40CA04940090A6B55836DE7BF4ABB8CD80CA04940A9EEBE6D526DE7BF154842E20CA04940B6E2F79AB16CE7BF1607FB000DA049409092C0CB5F6CE7BF24444B100DA049403F6F8913F26BE7BF9C1543800DA04940B95206C0A06BE7BF9603F4D30DA04940AAF31E12556BE7BFA039DF200EA0494054185C5C706AE7BF6BB7C66B0EA04940A14A9093AD69E7BFFED8EE170EA0494049D08D018069E7BF22209ED80DA04940723EBDF08268E7BF5B04877C0CA049408171740B1F68E7BF55BF15280CA04940B54CDFECD967E7BF56849EED0BA04940A57DAD206067E7BFE070CBC30BA0494073D5F52CDA66E7BFEA8CE7950BA04940F13E4BE1A166E7BFCA0F73100CA04940C9661440F665E7BF26E1F2860DA04940EADD9000F164E7BF697E8CBF0FA0494019B5986B0764E7BF50F040BD11A04940A6A8246F5263E7BFAA992EA112A049400B8AACBFAE61E7BFC5E612B314A04940CFA7B1BC0561E7BF22D374BE15A04940787F29F4D660E7BF988EC32E16A049408D9EB0A39D60E7BF78112AB616A04940139370AADF5FE7BF6209A87918A04940A78A79AF9F5FE7BF5C8F4E1119A049407F320D73415FE7BF3ACA15C519A0494079811114D35EE7BF4CDC38991AA04940D2F634CF645EE7BF61F043591BA04940E4DB585FAC5DE7BF94475F9B1CA04940BD3B9174855DE7BFAE5B1AD81CA0494047BDFED36B5DE7BF318314FF1CA049400B3E5B9D195BE7BF96DE988F20A04940F9439124E75AE7BFD02352F620A04940F6177160565AE7BF3239C91D22A0494034BBABA03A5AE7BFCC62566322A04940F6E00FD78959E7BF864B931B24A04940AB36D29E7959E7BF33B91E4424A04940B326ADC7E658E7BFD984530826A049402B2AB7302D58E7BF252AB80629A049401ED392BFA957E7BFEBACCB222BA04940346D38769457E7BF159A697B2BA0494093D34340FB56E7BF9F955D252DA049408E647C0BC855E7BFC2F177432EA0494051E20FCE7E55E7BFD8E403C92EA04940FB4B17894F55E7BF39A0F40930A049406E97DA7F4C55E7BF49151AB730A049404D87EA234B55E7BF798247ED30A049402E6A10F55A55E7BF10A28B8931A04940C07717156955E7BF0E08590F32A0494055519671E256E7BF0A0C27F336A04940991D12DB0957E7BFD5B1798337A049409CD84F609257E7BFE313CC7339A0494032B3BF70A457E7BF4861B5693AA04940DF4618A5D457E7BF78AB8FE23CA049405EE933A61758E7BFFD97516C40A0494058CB50FF2758E7BFEA53F44541A0494008297E6E7558E7BFA51E724845A049408F7870698858E7BF65200DC646A04940E9036CA25F58E7BFEF63468A47A04940CFFCFEC9F457E7BF4443F0FF48A049404446787B9257E7BFBC2837E549A049403E681D937E57E7BF769575FF49A0494067660A35CF56E7BF9C9F42E84AA04940BD55A1528456E7BF50E9984B4BA04940D9130C506056E7BF3F2BB67C4BA049406ACCF75A1056E7BF3E4384A34CA04940EF9347B5E055E7BF11E264124EA049404CD54E73DD55E7BF4F14AC504EA0494084E73B37CB55E7BFA34CD1984FA0494058150EFECF55E7BF83E0BC2951A049401C4E2EFCF855E7BF09D75FF152A04940BDC670FB1357E7BF82E5295E54A049405A2A32652957E7BF9D92227A54A049403F4214DAEA57E7BFD590948A55A04940A3B7BF736658E7BF1CBF886F58A04940327171C39158E7BF5A1C347159A04940B1C95F499C58E7BFF3E4F5DC59A049407F6B2B3D1659E7BF4F0FA1BC5EA04940EC7569792259E7BFB28E30415FA04940C35FD4F04259E7BF6B048B8B60A049407CD7407C3A59E7BF51C7111561A0494056B753252459E7BFBF3CA48F62A049408009C31DF158E7BF4344A8EE65A04940D051D404DE58E7BFBF905EA366A04940607D07887E58E7BF05A8CE306AA04940C9326E747158E7BFB967E0B16AA04940E996103E5058E7BFC4D5DCEF6BA04940298780DF4358E7BF6C1C122B6EA049409EBB93B43158E7BFC208468A71A04940E16033353058E7BF8D2AB8DC71A049409C21FB1D8F57E7BF4625E0CC74A049403985B53B0757E7BFD7F6184777A049408017C21CA856E7BFFC3C080479A049408F259E459D55E7BF3352B8DE7DA049402E2FB25B5955E7BF9F40F7197FA0494081C0536B1555E7BFFB51D95880A04940F4802375A254E7BFDEE7752582A049402C0DFD563454E7BF45866CDF83A049401D23399F9C53E7BF8EFBA74986A049402193E57FCF53E7BF7CA98E408FA04940842908EF2150E7BFA122970490A04940AAC710B8474FE7BF2D4F583190A0494069B643BC694EE7BFE74F3F6090A04940E81A31A89A48E7BF0335439591A04940F617D865E844E7BF89C1475A92A049408596BBDC283CE7BF832D3C2C94A04940DB400E66DE36E7BF396FDC4595A049405764CCDFF430E7BF975ECC8796A0494048BF04109F2BE7BF688624A997A0494039498584CE26E7BF9204FEDA98A0494089AA446D7026E7BFB7AA00F298A049405856B76DD125E7BF21FA321A99A04940F677DAC5BD24E7BF8EE2595E99A04940874C04859021E7BFF19894DE9AA049404BB4E7136120E7BFFA64006E9BA049400777D693681DE7BF1884D77F9FA049408541AD1BDE1BE7BF8D963A9CA1A04940F1BDAE7BAF1BE7BFE7B23FF0A1A049401EC747E8A81AE7BFC81682D1A3A0494010E3A5DD201AE7BF2DD12ECAA4A04940C1210436F518E7BFE2B704EDA6A04940386BDDC13C17E7BFE1C6E912AAA04940CD76A48FA814E7BF811B2BD6AFA049405F1E765D3613E7BF371F2313B3A04940ABB74B195F10E7BF5F63049EBAA049402641F8082B0EE7BFFC4B8D4DC2A04940721BB084EB0DE7BF598E9029C3A0494018695D20F70CE7BF0F702D6DC6A04940BB01F115930CE7BF06C124C8C7A04940280AAB36AA0BE7BFB89302E3CAA0494023AC827CBE0AE7BFC6121E0DCEA049407F350D307B09E7BFDDA03A61D2A04940538FA8C7EC08E7BF6AA1B447D4A049407976EE553708E7BF9C9B6F89D7A04940C631755D1608E7BFCFE22F21D8A04940B986C061B407E7BFE2B3C1E2D9A04940D52E8FDD1909E7BFDCD0E1B6DCA04940CB96BD70AA09E7BF50386CDADDA04940F59EE2BE4C0CE7BFF609B230E3A0494033CAFBD3EE0CE7BFEEB26078E4A0494084F14B339A0DE7BF2C1264D3E5A0494043E7A345F00DE7BFD681768BE6A0494024AFB468A90EE7BF0EC73516E8A049407BE553DC510FE7BFD184007EE9A0494072D93B5E640FE7BF008E96A4E9A0494011DF75A90E10E7BFA2DE2B11EBA049400D0B0D7F5B10E7BFF9F8AAB3EBA049400F8AB7769A10E7BF3574713AECA0494098F96426DC10E7BF79F836C7ECA04940BAA83C513111E7BF1B52ED7CEDA04940DFE118A96811E7BF86092F0FEEA04940F56A7233A911E7BF9B02E4BCEEA049409B927FF1C311E7BFEC7AD204EFA04940E845AC223812E7BF129C333BF0A0494006F3B5369612E7BF950BAE35F1A049401CCB27CBBE12E7BF45ABD3A2F1A04940AF10EF0B6E13E7BF3283E674F3A04940E13451A7F413E7BFEB8448DBF4A049408FB81AED8B14E7BF4F984970F6A0494045AAE03ADB14E7BF2E8F4143F7A049400E105D01EA14E7BFB563C06AF7A049407918DD36FF14E7BF07994EA4F7A0494015CEE4521015E7BF8A1F690AF8A0494098D3635CB415E7BF7BBCB8EFFBA0494034D01274C515E7BF3193ED5CFCA049408774BE36E315E7BFC451120FFDA04940B6955CC7E815E7BF735E5D2BFEA04940784E2CFEF515E7BF43A4B1C300A14940E8637B3DFE15E7BFE15BB27B02A14940374ABFB90116E7BFD4A5E62703A14940461EEBDD0316E7BF695D068B03A149403A43204F0916E7BF1C7C88B504A149407E9E7020F815E7BF2E0D1DED05A14940D75F2197E215E7BF0E75167707A14940AF1AF776D115E7BF5C127BA608A1494057E2CC35BF15E7BFB6BF8DEE09A149400EF0217F9715E7BFFBE1A3BA0CA14940A1792FF17215E7BF2DD2DF510FA1494031536D155915E7BF7631B73111A149402756E2523F15E7BF7CEC580313A14940ECA4E6291F15E7BF92C0D83E15A14940E20E8BD41A15E7BF66E2539215A14940578E474F1215E7BFB3D2322416A1494020321FEBD214E7BF48A3B59E1AA14940C2B6E44CCA14E7BFB147A13E1BA149406F0BC5AAC014E7BFCB007BEB1BA1494089F53B24B914E7BFFE4ABD721CA14940F093E6298F14E7BFC42A32761FA1494064FBFE963D14E7BFDB7E5A2F25A1494058CC63802E14E7BF90B5454726A14940C294138A0614E7BFA33890B128A149402C422DE8F913E7BF4992497229A1494014BE2728AE13E7BF5B3011052EA1494010402EF19513E7BF57543B7D2FA14940DE80A0348713E7BF98226A6230A14940340C95617613E7BF47043F6631A149408BD559A03E13E7BF9DDEF5C434A14940EB7761882A13E7BF3F7E9A0336A14940A1693F020B13E7BF3404D4E737A14940451FEDA9AD12E7BF61075D643DA14940CCA522E48612E7BF93D0D7A73FA14940C4CCBC7F5512E7BFE43F219842A14940973636844012E7BF0F9A7ED543A14940448A52162012E7BFC2E9A7B245A1494079F146B51812E7BF3B62BE2446A14940745E623B0E12E7BF444E1CC246A14940A8174153CF11E7BF72BCEF714AA1494091CBB294BF11E7BF0B8BE5624BA14940781DF65A5111E7BF4647D3E651A14940DC0F46523B11E7BF2B57343253A149409CB3DF26F610E7BF099F823C57A14940C4E9951FE110E7BFCB59FD8058A14940A4C2695ACF10E7BFB7FE8B8359A1494002FAB559BA10E7BF1AC7ABBF5AA149401D5DE16C7B10E7BF7907E5715EA1494042BC65476310E7BFB65A66DF5FA149408FD84A505010E7BF42DDC20861A14940F1C92E123F10E7BFFF25B04862A149404613A1D92110E7BF0361EF7464A1494033D380B71110E7BFBAA9CB9965A1494076B68E00ED0FE7BF89FB934868A14940F9DAAC8AD90FE7BF7DFDD6B969A149402F75799ACD0FE7BF1283399F6AA149401D8ECEA8A50FE7BFE0F3218B6DA149409E7D2F17900FE7BF01DD5F1D6FA149403154FA71530FE7BFA911DA1973A14940956DD3034A0FE7BFE7EB46A973A149400E71F8D7370FE7BFC40E88E574A14940EF26EB9C320FE7BFDB87C83075A14940D6CBE78DEE0EE7BF30F1C4A879A14940F3E6F3D8E30EE7BF0A2FB9F47AA149409199B203D10EE7BF8A66FA107DA14940D23FCE15AB0EE7BF7FA5C58081A14940BB8C28EF900EE7BF2ED4399484A14940A916AD428C0EE7BF9A020D1885A1494046CBC060870EE7BFF7D086BA85A149402A6B2A0C720EE7BFF938783888A14940C1A15964600EE7BF7931A9398AA1494043A0B2875B0EE7BF50F895D88AA14940817B6FF8560EE7BF3D541F4D8BA149408B9A4E2D410EE7BF92175B848DA14940DF725197140EE7BF5BC2FF0192A1494030E06170030EE7BF8C626BB593A149405943062E010EE7BF7D73B7EC93A14940E7F4294FF30DE7BFEC5C2C6495A14940C9C83F0EB10DE7BF3603BD029CA149406E8715A3960DE7BF55C8DAB79EA14940425862948D0DE7BF39953F969FA149406F407B3A860DE7BFFFAD6A09A0A1494066648590570DE7BF6076CD06A3A1494050C5495D410DE7BF7F4AF86AA4A14940D4B8BBB8240DE7BF65639743A6A149404AFB4796FE0CE7BF72DF2FAFA8A149406F917473E90CE7BF6D7FDC02AAA14940AE7F9883C50CE7BF0CCF9740ACA1494070B1A039C10CE7BF0FC1F38CACA1494031227D4A2A0CE7BF0730123DB3A14940B09658FF180CE7BFF9C2C1FEB3A14940EDEC8BD6DE0BE7BFC0580B95B6A1494034EA5F0AD40BE7BF00D38CD6B6A149401BF913A2790BE7BFAF40E611B9A14940E9871902670BE7BF2BB5CE85B9A149400BEB1013600BE7BFFCCD05B7B9A14940C79FEA1CEF0AE7BF67DBC17EBCA14940A2622EA2D10AE7BF45AEB637BDA149401A26EBA2620AE7BFE2848DF2BFA149408FDD3AA75B0AE7BF7E1B092CC0A14940619FC31B0C0AE7BFC3961EA5C2A149402CFA1442E609E7BF14CA79D9C3A149402B1B4B63D009E7BFA4021C88C4A149404B6EF9E56109E7BF276E9DFFC7A1494050D1E33A2C09E7BF581D91ABC9A1494060C52C770209E7BF0B8FDFFACAA14940FDD04AF49D08E7BF6E677821CEA149401398B47A3C08E7BFFF76672FD1A14940667ACD9F0B08E7BFB157A84BD3A149400F11BE27F307E7BF55394B5ED4A14940AE8737F6E907E7BF8EA1CCC6D4A14940899AC66BCB07E7BF6AA3771CD6A14940611871FF4407E7BF429215F9DBA14940AF362F792607E7BF05FDB847DDA14940E5FE51EC0807E7BF4179FF93DEA149401D28C1A6F806E7BFCB98AC47DFA14940D8462C3AE606E7BF119672A8E0A14940EC4231D9D206E7BFB050D10CE2A1494094BC29BBA806E7BF2953E221E5A1494050D3061AA006E7BF13FB0AC3E5A14940700877D14A06E7BF6EF457FBEBA14940E8D71A293406E7BFE30D60A0EDA14940647C85B3F905E7BF1BD4B9F7F1A14940682092E6D305E7BFDB28DFCAF5A149407FA38434CF05E7BF46973D52F6A14940AE980BE9A405E7BF09962B8FFAA14940096195BB9B05E7BF5BCA8B7AFBA14940717867938B05E7BFCEC2872BFDA14940DE1FC9678C05E7BF154984D0FEA14940A5C69A0E8D05E7BF006E957CFFA149408C3B9CE98C05E7BFE1A7471F00A24940E8B142638D05E7BF64171B6000A249403254316D8E05E7BFD237417002A249404B23B3459005E7BFD598F79F05A24940473ACFF19105E7BFA5FF6C6308A2494008B577A69405E7BF56D76CFA08A2494091A094F5AD05E7BFA427A8CE0EA249404A2DEE7FB105E7BF5EDE60770FA24940C28BBC07BA05E7BF7A27298A11A249403D127E8BD505E7BF83B857B917A2494092E30F8DE105E7BF7A128E791AA249401658A33AE605E7BF0930798C1BA24940B3488CD9EE05E7BF2F0A49921DA2494031CD59D2FE05E7BF18123F4321A24940EB098AF80006E7BFC39321A521A24940D30445860406E7BF1EEBBF4622A24940584508CD1306E7BF0580AFC824A2494040500A681406E7BF108A65FB24A249407C6C67A02D06E7BF04AFC64429A24940826BD1343906E7BFF39D1C392BA24940E79CCFCA3C06E7BF639CB9DA2BA24940258D64DF0C06E7BFAEDAA0D82BA24940FB562C981402E7BFFAFD05B22BA24940DC3AE95C8600E7BF7EEDE8A22BA24940D8E1A4D0C5FFE6BF5B86B69B2BA249400741319EA9FFE6BFD2CAB79B2BA24940BBBBBB6550FFE6BF1FC8CF972BA2494092614DD898FDE6BF42A990842BA249401CCEA17023FDE6BF357C6C7F2BA249407C0E45323FFCE6BFBF946D752BA24940B767877CA0FBE6BF501C7A6E2BA24940DF91A0971FFBE6BF5932AFFE2AA24940C2A95D8F84FAE6BF9DCD96782AA24940AA3D97A74EF8E6BF02AC318E28A249401D56DB448DF6E6BF3A4BBE1626A24940D0BA5EED8FF5E6BFA7882FCB23A24940ACFC7FCECBF3E6BF28EF87B31FA24940E861BB21BDF3E6BF40D75C811FA249405791F0D795F2E6BFDDEA7F701BA24940DC1C709482F2E6BF7861AD2D1BA24940499A2CB476EEE6BF773E6A701AA2494021E42C259BEDE6BFBF1133481AA24940124181E670EDE6BF661467401AA249400331FC806AE8E6BF3535FB5519A249406F86FB433FE7E6BF9AFDC51319A249403134021B66E1E6BFAB804AC517A249403CB2592B92E0E6BFF0B9499617A249400AB029BFB1DEE6BF27CF604017A249408C6B23CB39DDE6BFEAE7FCCD16A24940D8B737EE8DDCE6BFCF9CDA771AA2494002205A507CDCE6BF767B09DA1AA2494039DD1C29FEDBE6BF0724F6EE23A24940004AF64B99DBE6BF174DC42024A24940F23ED98FDDD1E6BFB5DE35F428A24940535A370F62D1E6BF74FCD23029A24940AA40C494AEC0E6BF8AB67F7731A24940B9E6DC5307A8E6BFAF5FDF0B38A2494066A26D89256CE6BFE3CA860648A249409BCEFE4CF869E6BF0605109B48A24940B8A89C8DAE6AE6BFDE9468082DA249400722AEFB4E6BE6BFBBDC0F8B1DA24940599F8B57AC6CE6BFC206D83A07A249403CBEFC0A426FE6BFD6F77DA7E3A149405448E1A4B86FE6BF295D3628DAA14940BF70057E0571E6BFDEEB4019D0A14940F7C1BD9F8C71E6BFCA2AEF6AC9A14940C4B413480772E6BF15A7DA65C3A149401B0226A02773E6BF4818EA89B9A14940C30963E71574E6BF23696363B1A1494003B8CFAA4C75E6BF883FCA6BA3A14940459ECA3DFC75E6BFC5486FFB96A14940C499236EB076E6BFBBFEF3B38DA14940E2DDFD686C79E6BF199862AC69A149405621B68CB87AE6BFCE58DD545CA1494006401591087BE6BF21CBF61C59A14940E0712FD9597CE6BFEA0FBC8A4BA14940DF1FB632027EE6BF336E5F073CA1494021B72767D17EE6BFA243266E34A1494008E88C5ABA7FE6BF621323B122A149400400B66AE07FE6BF5E114FD31FA14940ADB1B3336380E6BFC35F98901CA1494091AB675E3782E6BF922CF8E310A1494024E08D66DF82E6BF65754E1508A14940CFF0E340E283E6BF1C19DD4EFCA0494042A24FE33A85E6BFA5B2B28EF5A04940B13BFAC81088E6BFEF8FAA22DDA04940F91D0C51BE88E6BF8160CE4ED2A0494011F344900F89E6BF1200616EC3A049404F2F4AB70689E6BFCAF4CABDB9A049409F041D943089E6BFA7802F15B1A04940CF2604B90389E6BFAB215B2DAAA04940B404FE070089E6BF7F18599DA9A04940BF6D42F5DE88E6BF28969020A7A04940410CA9214088E6BFEEDBF3289BA0494032D0F3A36187E6BF5542C3658AA04940643442FE0487E6BF6C90AE6D83A049407B5A8DC2CC86E6BF9A1CE12F7FA04940D561E0F0AD86E6BF203868797CA04940AF8F072BA886E6BF1597A7057CA04940278973A57286E6BFB93E155277A049407C426BB53686E6BFCB14A40272A0494052FE67E0F085E6BF94469BEB6BA04940790D07A9A885E6BF48CF9A9A65A04940AE50F3738F85E6BFD80F596E63A04940F5D38B6C7E85E6BF535F21F361A04940E60921197385E6BF1C4EFBEC60A04940804A9D954585E6BFAB7CE2075EA0494036B6F2440285E6BFC231DEB059A049407F670A84C684E6BF7365DFD555A04940681166B98A84E6BF894EE60052A0494047008A726C84E6BF384ED00C50A04940444F10054F84E6BF6DA794234EA04940E7D29DB22284E6BFA60FC4184BA04940B4D72B43E883E6BF2678100A47A04940B4B1EEF4CA83E6BF62E8840B45A0494036A8847B8783E6BF8FDA7A5241A04940391CEEE97283E6BFCA558C3C40A0494064B97DB76283E6BFA13B36513FA04940D0AA4D0B4983E6BFD9B6EDEA3DA04940B803D0583B83E6BFA8C5E82E3DA049406CBA05203183E6BF165C0F9B3CA04940D5AC08B22F82E6BF4FB0BE9B2FA049408366145ACE81E6BF4D1856B82AA04940868E92B4BE81E6BFAA22CA8229A04940B7B086B79881E6BF81D7CA9C26A04940B78346CC8081E6BF940A6CC524A04940AC11131C4281E6BF041F91F71FA049404DB91A86F980E6BFE1344B651BA0494014268966A480E6BF1DE568FE15A04940923EC3D63B80E6BF4B7B1F640FA049409A691C932280E6BF86E2FEC30DA0494095D4C215327FE6BF23C1C694FC9F4940E6C041A50D7FE6BFE66DF8EBFA9F4940F2DF21829E7EE6BF73C3EEDFF59F4940F5DE9385E57CE6BFB0A970D7E19F494056C1D951417CE6BFDE4DA2BFE19F4940F31C3FEAB677E6BF54FAB712E19F49406B73D1AFB877E6BF91697274DC9F494000A339D0BE77E6BFE92D3FFBCA9F49406994ED2BC377E6BF04D5F424BE9F494058FC5C08CD77E6BF8D2E3EB6B99F4940982EF6FBD777E6BFAFA526ADB49F4940B778D227FC78E6BF9781B068AF9F49406B731A6B3579E6BF8289625EAE9F4940455734D77579E6BFB4D32F779F9F49403E73E56C8179E6BFAF5530AC9C9F4940C90EC47D8779E6BF697EA4E09A9F49403B723F6AC679E6BF052EBDA2889F494001E8FFF3487AE6BF8C8834E7769F4940B0786FC34C7AE6BFCD4D9A57769F494061EB4303607AE6BF4A2B9217769F4940EF07D372877AE6BF7E6ED191759F49408FB97E7A9F7AE6BF5DDED943759F494011C07A6A517BE6BFD09A16EF729F494027F2F831897BE6BFA0FFBF33729F4940
7,3,Ash vale,1,1,51.264376,-0.721972,1.5,0103000000010000000A000000F5108DEE2076E7BFC009850838A44940809A5AB6D617E7BFF9A067B3EAA34940083D9B559FABE6BFA3E9EC6470A449408CDB68006F81E6BF4E9CDCEF50A44940734BAB21718FE6BFE0B9F770C9A14940058BC3995FCDE6BF0DA661F888A04940992A1895D409E7BF9C8A54185BA04940C51B9947FE60E7BF7862D68BA1A049402766BD18CA89E7BF6F9EEA909BA14940F5108DEE2076E7BFC009850838A44940
11,4,Basingstoke,1,1,51.262551,-1.093609,3.5,0103000000010000000E000000C93CF20703CFF2BF2FDD240681994940FFEC478AC8B0F2BF7B319413ED9E49406B7D91D09673F2BF0DA661F888A0494079758E01D96BF2BFB532E197FAA14940BEF6CC920035F2BF1E335019FFA24940F2CD3637A627F2BF4D327216F6A449403CDA38622DBEF1BFBABDA4315AA749400B5EF415A419F1BF894160E5D0A64940D72FD80DDB96F0BF5001309E41A74940E882FA96395DF0BFCD069964E4A44940904E5DF92C4FF0BFAE2AFBAE08A249400A2E56D4609AF0BF5C55F65D11A049400E10CCD1E3F7F0BF3F6F2A52619C4940C93CF20703CFF2BF2FDD240681994940
18,5,Bracknell,1,1,51.41604,-0.75398,2.2,0103000000010000000B0000003E7958A835CDE8BF289B728577B14940AF946588635DE9BF2D431CEBE2B249400E84640113B8E9BF97CADB114EB74940E3C281902C60E9BFA4E4D53906B84940363CBD529621E9BF5C72DC291DB84940D595CFF23CB8E6BF07CE1951DAB749403F74417DCB9CE6BFE40F069E7BB749400BEF7211DF89E6BF6E5166834CB64940AEB6627FD93DE7BF9A5FCD0182B14940834C327216F6E7BF5A2A6F4738B149403E7958A835CDE8BF289B728577B14940
25,6,Camberley,1,1,51.33539,-0.742856,1.75,0103000000010000001B000000F0332E1C08C9E8BF514EB4AB90AA494047382D78D157E8BFB398D87C5CAB494065AA60545227E8BF1CB62DCA6CAC49402159C0046EDDE7BF5A0D897B2CAD4940C0E78711C2A3E7BFB08F4E5DF9AC494029965B5A0D89E7BFA2B437F8C2AC494014B35E0CE544E7BF0C3CF71E2EAD494001309E4143FFE6BF5A8121AB5BAD4940F437A1100187E6BFF9F719170EAC4940F7E978CC4065E6BF48DC63E943AB4940AA7D3A1E3350E6BF107A36AB3EAB4940C3BB5CC47762E6BF3B014D840DAB494090662C9ACE4EE6BF4A46CEC29EAA49405E68AED3484BE6BF111956F146AA4940F86BB2463D44E6BF04E78C28EDA949402C9ACE4E0647E6BF704221020EA94940A72215C61682E6BF734BAB2171A749408750A5660FB4E6BFD847A7AE7CA64940350708E6E8F1E6BFFB3A70CE88A649403ECBF3E0EEACE7BFE700C11C3DA6494023DBF97E6ABCE7BFBB9BA73AE4A64940B77A4E7ADFF8E7BFD5CA845FEAA74940320395F1EF33E8BFE3C798BB96A84940975643E21E4BE8BF8DEE2076A6A84940AB5B3D27BD6FE8BF0C59DDEA39A94940AB09A2EE0390E8BF52B81E85EBA94940F0332E1C08C9E8BF514EB4AB90AA4940
26,7,Caversham,1,1,51.476798,-0.966547,1.45,0103000000010000000E000000FCC6D79E5912F0BFC63368E89FBC494096438B6CE7FBEFBF67B8019F1FBE4940EAEC647094BCEFBF5F24B4E55CBE4940F6B4C35F9335EFBF5890662C9ABE4940B3B5BE4868CBEEBF01F6D1A92BBF49401E166A4DF38EEEBF9EB5DB2E34BF4940A1DB4B1AA375EEBF26AAB706B6BE49403C31EBC5504EEEBF6E3480B740BE4940FB3A70CE88D2EDBF4EB4AB90F2BB4940C763062AE3DFEDBF1DE6CB0BB0BB49409ED2C1FA3F87EEBF1F680586ACBA4940516B9A779CA2EFBF492EFF21FDBA494035D252793BC2EFBF1D5A643BDFBB4940FCC6D79E5912F0BFC63368E89FBC4940
38,8,Crowthorne,1,1,51.3663014,-0.7952213,1.5,01030000000100000010000000A4A5F27684D3E9BF53910A630BB1494010751F80D426E9BFBEDEFDF15EB14940618E1EBFB7E9E8BF86AC6EF59CB049401904560E2DB2E8BFA4C2D84290AF4940E90E62670A9DE8BF42CF66D5E7AE4940F33CB83B6BB7E8BF833463D174AE4940462575029A08E9BF2E90A0F831AE49409352D0ED258DE9BF3D9B559FABAD494051DA1B7C6132EABF2EFF21FDF6AD49408BC3995FCD01EBBF7C2C7DE882AE49405C381092054CEBBFC2A38D23D6AE49409F1F46088F36EBBF48E17A14AEAF49408C84B69C4B71EABF0000000000B04940E2016553AEF0E9BF1CF0F96184B04940BEBC00FBE8D4E9BF62F3716DA8B04940A4A5F27684D3E9BF53910A630BB14940
42,9,Earley,1,12489,51.430813,-0.921118,1.75,0103000000010000001700000017D4B7CCE9B2EDBFC55565DF15B9494039D1AE42CA4FEDBF71C971A774B8494097900F7A36ABECBFF12900C633B84940B1506B9A779CECBF984C158C4AB649405DFE43FAEDEBECBF4B9352D0EDB5494089981249F432EDBF761A69A9BCB54940EB909BE1067CEDBF6F1283C0CAB54940E8DEC325C79DEDBFA2629CBF09B54940ADA3AA09A2EEEDBFD673D2FBC6B3494041BCAE5FB01BEEBF7380608E1EB349406EDDCD531D72EEBF5A2A6F4738B149409F5912A0A696EFBFF8AA9509BFB04940D1AE42CA4FAAEFBF76E09C11A5B14940D4601A868F88EFBF89981249F4B24940A4E4D5390664EFBFDD7BB8E4B8B34940F65D11FC6F25EFBFD4F19881CAB44940CC457C2766BDEEBFB0FECF61BEB44940BA6B09F9A067EEBFCC5D4BC807B549400B630B410E4AEEBF0A9DD7D825B649403F912749D74CEEBF514EB4AB90B64940D8648D7A8846EEBFE5D022DBF9B64940705F07CE1951EEBF41F163CC5DB7494017D4B7CCE9B2EDBFC55565DF15B94940
52,10,Farnborough,1,1,51.286894,-0.752615,2,0103000000010000001000000039454772F90FEABF11AAD4EC81A64940A9D903ADC090E8BFCCEEC9C342A94940975643E21E4BE8BFF8DF4A766CA84940CAFD0E45813EE8BF4D840D4FAFA84940514EB4AB90F2E7BF1D3D7E6FD3A74940A31EA2D11DC4E7BFF35487DC0CA7494057B2632310AFE7BF0A4B3CA06CA649400F289B728577E7BF66F7E461A1A649409B5AB6D61709E7BFD8F0F44A59A64940B8CCE9B298D8E6BFDDB5847CD0A34940E38DCC237F30E7BF9DF4BEF1B5A3494045D8F0F44A59E7BFB341261939A34940650113B87537E8BFA60F5D50DFA24940EFE192E34EE9E8BFEDD808C4EBA24940AF42CA4FAA7DE9BF9B38B9DFA1A4494039454772F90FEABF11AAD4EC81A64940
53,11,Farnham,1,1,51.2141267,-0.7957059,1.75,0103000000010000001300000088D7F50B76C3E7BFDB166536C89049403F00A94D9CDCE9BFDC68006F819049401E335019FF3EEBBF75029A081B924940319413ED2AA4ECBF7AE40F069E974940410E4A9869FBECBF67B8019F1F9A494039D1AE42CA4FEDBFF0164850FC9C4940C3D32B6519E2ECBF2AC6F99B50A04940D1747632384AECBF9D9D0C8E929F494052616C21C841EBBFA54E4013619F49402EAD86C43D96EABF60CD0182399E4940ECDD1FEF552BEABF6EDDCD531D9E4940456458C51B99E9BF60764F1E169E49409A5FCD018239E9BF26361FD7869E49406631B1F9B836E8BFA1BE654E979D4940BC0512143FC6E7BFE15D2EE23B9D49402B6A300DC347E6BFE90E62670A9D49405A0D897B2C7DE6BF8B321B6492994940834C327216F6E6BF47ACC5A70098494088D7F50B76C3E7BFDB166536C8904940
54,12,Finchampstead,1,1,51.3623645,-0.857763,1.5,010300000001000000120000004209336DFFCAEABF92AE997CB3AD49402F34D769A4A5EBBFD26F5F07CEAD4940D0F23CB83B6BECBF5AD8D30E7FAD49405E2EE23B31EBECBF1F80D4264EAE4940C8B5A1629CBFECBFB48EAA2688AE49407E52EDD3F198ECBF4968CBB914AF4940C98E8D40BCAEECBFE4BD6A65C2AF494095607138F3ABECBF2AC6F99B50B0494080D4264EEE77ECBF70CE88D2DEB0494078978BF84ECCEBBFF6402B3064B1494018265305A392EBBFE0675C3810B24940B37BF2B0506BEBBF3CBD529621B24940BCE82B483316EBBF3541D47D00B249409352D0ED258DEABFDBBFB2D2A4B049409964E42CEC69EABFA31EA2D11DB0494011E4A08499B6EABFE4BD6A65C2AF49402922C32ADEC8EABF087250C24CAF49404209336DFFCAEABF92AE997CB3AD4940
55,13,Fleet,1,1,51.277283,-0.842655,5,0103000000010000000B0000002EAD86C43D96EABF39D6C56D34A0494034BF9A030473EBBF7862D68BA1A049409FCDAACFD556ECBF446E861BF0A149404DD6A8876874ECBFDB6D179AEBA4494088BA0F406A13EBBF5DA79196CAA7494008ABB184B531EDBF66BD18CA89AE4940EC2FBB270F0BEABFD0D556EC2FA749405969520ABABDE9BF2D95B7239CA64940DDB5847CD0B3E9BFB03DB32440A54940289B728577B9E9BFAD174339D1A249402EAD86C43D96EABF39D6C56D34A04940
57,14,Frimley,1,1,51.316221,-0.743239,1.5,0103000000010000001B000000F0332E1C08C9E8BF514EB4AB90AA494047382D78D157E8BFB398D87C5CAB494065AA60545227E8BF1CB62DCA6CAC49402159C0046EDDE7BF5A0D897B2CAD4940C0E78711C2A3E7BFB08F4E5DF9AC494029965B5A0D89E7BFA2B437F8C2AC494014B35E0CE544E7BF0C3CF71E2EAD494001309E4143FFE6BF5A8121AB5BAD4940F437A1100187E6BFF9F719170EAC4940F7E978CC4065E6BF48DC63E943AB4940AA7D3A1E3350E6BF107A36AB3EAB4940C3BB5CC47762E6BF3B014D840DAB494090662C9ACE4EE6BF4A46CEC29EAA49405E68AED3484BE6BF111956F146AA4940F86BB2463D44E6BF04E78C28EDA949402C9ACE4E0647E6BF704221020EA94940A72215C61682E6BF734BAB2171A749408750A5660FB4E6BFD847A7AE7CA64940350708E6E8F1E6BFFB3A70CE88A649403ECBF3E0EEACE7BFE700C11C3DA6494023DBF97E6ABCE7BFBB9BA73AE4A64940B77A4E7ADFF8E7BFD5CA845FEAA74940320395F1EF33E8BFE3C798BB96A84940975643E21E4BE8BF8DEE2076A6A84940AB5B3D27BD6FE8BF0C59DDEA39A94940AB09A2EE0390E8BF52B81E85EBA94940F0332E1C08C9E8BF514EB4AB90AA4940
65,15,Guildford,1,1,51.237186,-0.567656,2.5,01030000000100000025000000D0B52FA0176EE0BF77137CD3F4A7494014B1886187B1E1BFDC2A8881AEA7494008E929728838E2BF63B6645584A749406519E25817B7E2BF3E3E213B6FA74940310A82C7B7F7E3BF16C26A2C61A749409E25C808A870E4BF7FDDE9CE13A749407DE71725E82FE5BFE8F86871C6A649405952EE3EC7C7E5BF8198840B79A64940DAE385747808E6BFC53BC09316A64940A708707A17EFE6BFED293927F6A44940A52F849CF7FFE6BF8ACDC7B5A1A44940342E1C08C902E7BFDC80CF0F23A44940A8E15B5837DEE6BFF04FA91265A349403A92CB7F48BFE6BF9B1E1494A2A1494042CF66D5E76AE6BFEBE1CB4411A04940511553E9271CE6BFC72DE6E7869E4940E75086AA98CAE5BF97C62FBC929C4940DB17D00B77AEE5BF16A3AEB5F79B49406971C6302768E5BFE223624A249B4940A4552DE92887E4BF88855AD3BC994940B5A84F7287CDE3BF7B82C476F7984940F372D87DC770E2BF1B2C9CA4F99749408D60E3FA77FDE1BFDCF0BBE996974940D6E594809884E0BFD9EC48F59D9749406B44300E2E1DDCBF86E7A56263984940A5F44C2F3196DBBFB9162D40DB9849408BA9F413CE6EDBBF3BE12538F599494081936DE00ED4DBBFD57954FCDF9F494085B69C4B7155DCBF336E6AA0F9A049404754A86E2EFEDCBFC4EA8F300CA249401A4E999B6F44DEBF05FD851E31A449400397C79A9141DFBFA4C7EF6DFAA54940A7CEA3E2FF0EE0BF60C9552C7EA749400E15E3FC4D28E0BFFBB1497EC4A74940F661BD512B4CE0BF3EB14E95EFA749405EF1D4230D6EE0BF77137CD3F4A74940D0B52FA0176EE0BF77137CD3F4A74940
72,16,Henley-on-Thames,1,1,51.535764,-0.902894,4,01030000000100000016000000B4B0A71DFE9AEDBFCA89761552C64940533F6F2A5261EDBF4A7B832F4CC64940A96A82A8FB00EDBF58C51B9947C6494091D5AD9E93DEECBFAE9E93DE37C649402DB29DEFA7C6ECBF040473F4F8C549407BA01518B2BAECBF60E5D022DBC549404A24D1CB2896ECBF350708E6E8C549409AEB34D25279ECBF29E8F692C6C449406DA818E76F42ECBFCFF753E3A5C3494050DF32A7CB62ECBFDDEA39E97DC34940E8305F5E807DECBF825660C8EAC2494015747B4963B4ECBFBAA0BE654EC34940C5AC174339D1ECBF57CF49EF1BC34940BE9F1A2FDD24EDBF895E46B1DCC249405166834C3272EDBF4278B471C4C24940FF959526A5A0EDBFAC90F2936AC349406440F67AF7C7EDBF32384A5E9DC34940E42CEC6987BFEDBFCE3637A627C44940E960FD9FC37CEDBF637AC2120FC449403B014D840D4FEDBF1BD82AC1E2C4494067F2CD3637A6EDBFCA15DEE522C64940B4B0A71DFE9AEDBFCA89761552C64940
72,17,Henley,1,1,51.535764,-0.902894,4,01030000000100000016000000B4B0A71DFE9AEDBFCA89761552C64940533F6F2A5261EDBF4A7B832F4CC64940A96A82A8FB00EDBF58C51B9947C6494091D5AD9E93DEECBFAE9E93DE37C649402DB29DEFA7C6ECBF040473F4F8C549407BA01518B2BAECBF60E5D022DBC549404A24D1CB2896ECBF350708E6E8C549409AEB34D25279ECBF29E8F692C6C449406DA818E76F42ECBFCFF753E3A5C3494050DF32A7CB62ECBFDDEA39E97DC34940E8305F5E807DECBF825660C8EAC2494015747B4963B4ECBFBAA0BE654EC34940C5AC174339D1ECBF57CF49EF1BC34940BE9F1A2FDD24EDBF895E46B1DCC249405166834C3272EDBF4278B471C4C24940FF959526A5A0EDBFAC90F2936AC349406440F67AF7C7EDBF32384A5E9DC34940E42CEC6987BFEDBFCE3637A627C44940E960FD9FC37CEDBF637AC2120FC449403B014D840D4FEDBF1BD82AC1E2C4494067F2CD3637A6EDBFCA15DEE522C64940B4B0A71DFE9AEDBFCA89761552C64940
83,18,Lower Earley,1,12574,51.430785,-0.921325,1.22,0103000000010000001700000017D4B7CCE9B2EDBFC55565DF15B9494039D1AE42CA4FEDBF71C971A774B8494097900F7A36ABECBFF12900C633B84940B1506B9A779CECBF984C158C4AB649405DFE43FAEDEBECBF4B9352D0EDB5494089981249F432EDBF761A69A9BCB54940EB909BE1067CEDBF6F1283C0CAB54940E8DEC325C79DEDBFA2629CBF09B54940ADA3AA09A2EEEDBFD673D2FBC6B3494041BCAE5FB01BEEBF7380608E1EB349406EDDCD531D72EEBF5A2A6F4738B149409F5912A0A696EFBFF8AA9509BFB04940D1AE42CA4FAAEFBF76E09C11A5B14940D4601A868F88EFBF89981249F4B24940A4E4D5390664EFBFDD7BB8E4B8B34940F65D11FC6F25EFBFD4F19881CAB44940CC457C2766BDEEBFB0FECF61BEB44940BA6B09F9A067EEBFCC5D4BC807B549400B630B410E4AEEBF0A9DD7D825B649403F912749D74CEEBF514EB4AB90B64940D8648D7A8846EEBFE5D022DBF9B64940705F07CE1951EEBF41F163CC5DB7494017D4B7CCE9B2EDBFC55565DF15B94940
84,19,Maidenhead,1,1,51.522751,-0.720209,3,0103000000010000000A000000FD82DDB06D51E8BF253B3602F1C64940A1B94E232D95E5BF2A745E6397C44940A9F6E978CC40E5BFB0726891EDC04940E5B8533A58FFE5BF1092054CE0BE4940A1BE654E97C5E6BF83177D0569BE49402FFA0AD28C45E7BF185B087250BE49406DC5FEB27BF2E8BF5DFE43FAEDBF4940AC90F2936A9FE9BFFD87F4DBD7C14940CE3637A6272CE9BFBEDEFDF15EC54940FD82DDB06D51E8BF253B3602F1C64940
100,20,Reading,1,1,51.452884,-0.973906,2.8,0103000000010000001200000012143FC6DC35F0BF4F75C8CD70BB4940F90FE9B7AF03EFBFD769A4A5F2BA49401B649291B3B0EEBF7AFCDEA63FBB49403DB83B6BB75DEEBF02F1BA7EC1BA49403D0AD7A3703DEDBFB3EA73B515BB4940A12DE7525C55EDBF849ECDAACFB94940B5E0455F419AEDBF8D7F9F71E1B849405CACA8C1340CEEBF9E29745E63B74940789CA223B9FCEDBF5EF415A419B74940F224E99AC937EEBF9F93DE37BEB649405648F949B54FEEBFFE43FAEDEBB4494076711B0DE02DEFBF545227A089B449403602F1BA7EC1EFBF2384471B47B849400473F4F8BD4DF0BFF2B5679604B849408FA50F5D505FF0BF14B35E0CE5B849401E335019FF3EF0BFAF7C96E7C1B94940DE3CD5213743F0BF91442FA358BA494012143FC6DC35F0BF4F75C8CD70BB4940
102,21,Sandhurst,1,1,51.34986,-0.791788,1.5,010300000001000000150000005A8121AB5B3DE9BFC8D2872EA8AB4940956588635DDCE8BFF38E537424AB49407250C24CDBBFE8BF6CEC12D55BAB494018B2BAD573D2E8BF2BC1E270E6AB494040FB912232ACE8BF37FDD98F14AD4940A80018CFA0A1E8BF3C66A032FEAD49407120240B98C0E8BF8B37328FFCAD4940D5CA845FEAE7E8BF0B0C59DDEAAD4940D218ADA3AA09E9BFEE5A423EE8AD49409B38B9DFA128E9BF12DA722EC5AD494021C84109336DE9BF70B6B9313DAD4940E0675C381092E9BFA81DFE9AACAD494025E99AC937DBE9BFAF5FB01BB6AD4940FB3F87F9F202EABFDAE6C6F484AD49406A183E22A644EABFA089B0E1E9AD49400D1AFA27B858EABF0395F1EF33AE4940AC90F2936A9FEABFFDF675E09CAD49401AFA27B85851EABFB75D68AED3AC494088635DDC4603EABFC7681D554DAC4940F645425BCEA5E9BFA48D23D6E2AB49405A8121AB5B3DE9BFC8D2872EA8AB4940
114,22,Sunningdale,1,1,51.398809,-0.6293999,1.5,0103000000010000001200000030D80DDB1665E3BF5DDC460378B34940FD82DDB06D51E3BF9E0C8E9257B349408BA6B393C151E3BF25E99AC937B34940105D50DF32A7E3BFA779C7293AB24940CF4E0647C9ABE3BF21020EA14AB14940799274CDE49BE4BF713D0AD7A3B049403A75E5B33C0FE5BFAF08FEB792B1494023BE13B35E0CE5BFEE42739D46B249403411363CBD52E5BF983446EBA8B24940315F5E807D74E5BFB324404D2DB349407FA4880CAB78E5BF16139B8F6BB349409A94826E2F69E5BF4F401361C3B34940984C158C4AEAE4BF86AC6EF59CB44940174850FC1873E4BF6AFB57569AB44940F6B4C35F9335E4BF9C16BCE82BB44940FC1873D712F2E3BF5648F949B5B34940E3AAB2EF8AE0E3BF8195438B6CB3494030D80DDB1665E3BF5DDC460378B34940
115,23,Sunninghill,1,1,51.4013271,-0.6557885,1.5,0103000000010000001200000030D80DDB1665E3BF5DDC460378B34940FD82DDB06D51E3BF9E0C8E9257B349408BA6B393C151E3BF25E99AC937B34940105D50DF32A7E3BFA779C7293AB24940CF4E0647C9ABE3BF21020EA14AB14940799274CDE49BE4BF713D0AD7A3B049403A75E5B33C0FE5BFAF08FEB792B1494023BE13B35E0CE5BFEE42739D46B249403411363CBD52E5BF983446EBA8B24940315F5E807D74E5BFB324404D2DB349407FA4880CAB78E5BF16139B8F6BB349409A94826E2F69E5BF4F401361C3B34940984C158C4AEAE4BF86AC6EF59CB44940174850FC1873E4BF6AFB57569AB44940F6B4C35F9335E4BF9C16BCE82BB44940FC1873D712F2E3BF5648F949B5B34940E3AAB2EF8AE0E3BF8195438B6CB3494030D80DDB1665E3BF5DDC460378B34940
124,24,Tilehurst,1,1,51.458874,-1.042156,2,0103000000010000000F000000740CC85EEFFEF0BFEDD808C4EBBA49405BCEA5B8AAECF0BF306475ABE7BC4940DA20938C9C05F1BF7D5C1B2AC6BD4940FB5C6DC5FEB2F0BF3C66A032FEBD4940D72FD80DDB96F0BF99D36531B1BD49405743E21E4B9FF0BFB70BCD751ABD4940FCC6D79E5912F0BF2CB7B41A12BB4940E02D90A0F831F0BF2788BA0F40BA4940BB270F0BB526F0BF4B3CA06CCAB949405F419AB1683AF0BFBD18CA8976B949400473F4F8BD4DF0BF799274CDE4B749402827DA554879F1BFEC2FBB270FB7494010406A132777F1BFC616821C94B84940F437A1100107F1BF3EAE0D15E3B84940740CC85EEFFEF0BFEDD808C4EBBA4940
131,25,Warfield,1,1,51.4417858,-0.7279019,1.55,01030000000100000014000000D72FD80DDB16E7BFAF5FB01BB6B54940A5A0DB4B1AA3E7BFFCDEA63FFBB54940D6C56D3480B7E7BFD1915CFE43B64940BB0F406A1327E8BFD0B359F5B9B64940FEB7921D1B81E8BF4221020EA1B649404CFDBCA94885E8BF3A58FFE730B74940F6622827DA55E8BFF2B0506B9AB749402D78D1579066E8BF1B2FDD2406B949404C1AA3755435E8BFA2629CBF09B94940DB166536C824E8BF52499D8026BA494023DBF97E6ABCE7BF179AEB34D2BA49403F355EBA490CE7BF518369183EBA494039B9DFA128D0E6BF68791EDC9DB949403F355EBA490CE7BF518369183EBA494039B9DFA128D0E6BF68791EDC9DB949402AA913D044D8E6BF4C89247A19B94940649291B3B0A7E6BFB8CCE9B298B84940D00A0C59DDEAE6BF382D78D157B8494002D9EBDD1FEFE6BF0113B87537B74940D72FD80DDB16E7BFAF5FB01BB6B54940
134,26,Winchester,1,1,51.0629403,-1.3165037,1.5,010300000001000000E0000000EB544F51B0D3F4BFE9AC2D84FC86494084E74D3149D4F4BF0DFD39E70D87494046D1DE3C2FCAF4BF68DC91710F87494065959CA9DFCBF4BF1FE33C4B37874940AA4F90B6FAAEF4BFC70024104E8749407FB28A042DB2F4BF21B8914791874940A30C9C7291ADF4BFB13FDE7697874940F882FDDD87ADF4BFB89DCCF3DE874940831E4A18B3ABF4BFDFF96541DF8749403DEFEE9D2DADF4BF8234EE1364884940AF8CBE4C41A9F4BF858BA1DFCF8849409A38C4ED41AAF4BF92322262F68849400431010532B0F4BFA20489F405894940979597E8EDADF4BFE6B5D9B80E8949407B6B718F48ADF4BF70FB72C42C89494051C4038073A9F4BF38913FF335894940AC985C62E8A8F4BFB74C8C07528949406A47336F27AAF4BF8622E56360894940C6990A9268ACF4BF0BFBA68A5D894940D04C270B5DB1F4BF21AB230A6F89494028A07C06CCAFF4BFB3C1F33AA38949407D7F0E82F0B7F4BFCC99430D0B8A49406C42B2FD7BB9F4BF86A0A7C4098A4940DEF030878FBBF4BF75EC0B368F894940D87CAB199FC9F4BF3566CED6B08849409C742D52D6CDF4BF084E5FCABE8849403AB63C38C0D2F4BF9795AB6A9D8849408824BCFAF8D2F4BF47430FAC888849406CE9C21FA4D8F4BF48693B2B85884940EE26CC5245DDF4BFA9FBF4DC638849409DDEDB21B3DDF4BFD02DB0EA4988494007E373CDBFE3F4BF4B83F9592A884940515C0BAF83E6F4BFC37BA243368849401D2788AE23E8F4BF83C71DBC378849402D8C0BF32DE8F4BF39D97CEF2F884940B69CF26135EBF4BF8DD260E137884940912C199ED3E6F4BF3F7B68D34E8849400F3AD5E1EEECF4BF2374C6BC6F88494027587D4DF3F0F4BFC72D6B7F788849404CB1FAE9BFEDF4BFC30B6C06968849400404836700F4F4BFF6A217E49E884940CBE0125166F5F4BF96DF3F3DAB8849402B4904B1B2F3F4BF2CA285FDD48849405430CFAC20F0F4BF4B31B92BD6884940055955276BF1F4BF75AB1080DF88494007D29343CEEFF4BFE02E08A8F488494079A985CD7DFFF4BF3599786310894940AD6C509F2CFCF4BF9CCCAE69328949402D3AC5C086F6F4BF3AC7AE6A2E8949406B7E6299A4F3F4BF3BEC9D2442894940213C2FED61F6F4BFF371E1CA4A894940146B599283F5F4BF7A4068F751894940300B5F31B0F2F4BFA814256B478949401FD97B8A08F0F4BF92C7EC355789494029C3CADC31EEF4BF6CDE4E7251894940F7A16CBA96ECF4BFAF7A0B575B894940FC41361A94F2F4BF31BD9DFC6F89494009A71E0F4DEDF4BF0C3DF5688D894940C276A28535EAF4BF4F56C9AB838949407B9ACC597AE6F4BFE82DC893878949408DD775C3A0E1F4BF947B08359F894940E9B6A974FCDFF4BF70D707FEB6894940D231E10D8DDCF4BFCE4CB240AE89494086B77A37A2DDF4BF15DB69D7A489494058F71A756BDCF4BF4933F939A2894940ED2175EE01DBF4BF82C51F3BC6894940AE50ABCCEBE2F4BF7F0FD16BC98949406D095F2CAAEDF4BF85690298E189494014C415B500EAF4BF042093D00D8A4940522E40B54BFAF4BF007E84AD1D8A4940F4E523CC7D01F5BF3A8C82CA9B894940E6A1A4158C0FF5BF0A8380E19E894940C0E94A31C10DF5BF72B1D182C38949408942E43B7F23F5BF0D11C02E84894940F37EEAFA962AF5BF12871CA6D1894940EE11ADCF8921F5BF1A46E9F1F18949402A67A6C06422F5BF2289DDF3FA894940A1B2E28D0829F5BF982F775AE3894940CB5B06373C2CF5BF55D34E5AE28949405484E18FBC4EF5BF8A67F266408B49406382A7C8F852F5BF48D7D915358B49407DEC2226FD52F5BFBE110F4C188B4940F65C98A49D59F5BF7B70501D008B494038EF44A8BA62F5BFB3C93398BF8A49403AF32798E367F5BFFD38A3A3D28A494028FB9F571B6AF5BF3AB278AEBF8A49402DBAF9FED564F5BF371EFE6CAC8A4940B4E38425A970F5BF264CB2D24B8A49409CED12DE4276F5BFA72142A65F8A4940A1CC66C7A676F5BF39CD55B44B8A4940E4B3A37ADD71F5BFADB65C75408A4940680FC09C4074F5BF9BC4204B288A4940D77C264BDF7BF5BF855A6126348A49401A31CADFAB7AF5BFDE66D3881B8A49402B0977E6F77BF5BFC19EF2370B8A494026F2F577E479F5BF95D638C0FA894940823F0E767B77F5BFB029BA9EF989494098C522DA3B86F5BF3073A55C8589494061309800D18CF5BF9FF1CCEB8A8949403EE95AF8128EF5BF4C1CC7027A894940C436814E9A88F5BF16382F32718949400F7CB6165B97F5BFD05BE068FE884940CDC9D8530B72F5BF10DC24D097884940F98E3296506CF5BF77E8E110C9884940E93C06002868F5BF8E9A6B9DB6884940560CADD0525DF5BFC34B0459A38849409E433CC9A168F5BF8FBB759F1D8849407CB255FE1D66F5BF6D365DA0DF87494034BA64045B6DF5BF20FF5D47DB874940F9E4E56FE96CF5BF05D728D7D38749401C98AE5FEC70F5BF50ADEF9ECA8749407C791237BF6EF5BFD8D3405087874940759EF2DAE37DF5BF3A4409766F874940857A75537381F5BF75FEF0EC7C874940B952090E6885F5BF317370347E874940F6CC95CB6687F5BF15A8DA868C87494082F06054E78BF5BF6D43FE9385874940EB253D3FD18BF5BFA96640577A8749408D066D07B390F5BFB5C71C7D75874940B9DA1207CB91F5BFB58449289A874940897075FD7FA0F5BF6CAD336C8A8749400CC1B95CEE9CF5BF5B2B3DE859874940DE63397B5797F5BF59C4332247874940BFEA70AD199BF5BFF8B82F552E874940176621190F97F5BF0943EF6F1F874940C948BA126F94F5BFF0BC7E0E2E874940512BAE13D18CF5BF10D44C8614874940A28168AFA78BF5BF365B41E51C87494005EBB25BA982F5BFB3D19C60FC8649407DD953060187F5BF7F3CF1A6D986494009A973886494F5BFBA7DDA35A48649409947290D899BF5BFE1697E428B8649404E99A974579FF5BFAC2555CC98864940A8C1CABD1FA1F5BF5FE2EF368A864940CF44A2C02FA0F5BF1F3E05B47386494054B82F2E8696F5BFC51EFE38768649402D720B1A6F8FF5BF32EE716C598649407B265E0B1C9EF5BFF57540E4BC854940AF64C0EDC6A7F5BFDAE21C9C77854940818965D74FB4F5BF22F0BB7B2185494012C0B201D6B1F5BF6B4BF73E19854940866F46B402B4F5BFCF7662BAFD8449401936B55953AEF5BF87FB78FC1E8549400E63AAEBFFA8F5BF0178A330118549402F98F9E77FA5F5BF8FACBB9D1C8549403B08EF7340A6F5BFABD1440524854940C8843FC5C29AF5BF5AA243B84885494063B7ACEC1D86F5BF6028D5A26C8549408B6C688B9C7CF5BFFB6FF5955A8549409D842D0FC879F5BFBE21913674854940CA2646E6B772F5BFBF01B40A64854940F8107A33DA72F5BF6298C8CF8D8549401F6D4417006CF5BF9A0C44669F854940C601178E2976F5BFDE9D8DC2C5854940015D6F788763F5BF128D7F25BC85494083766AF8A847F5BFDAEBB5DA1B86494022F570E55B40F5BF52197A313F8649406F12144FF241F5BFB579E9EE45864940FCD57A363340F5BF6AEEDD104A864940BBB6D7FD4434F5BF2D2CD7C033864940B8A165F64B38F5BF0126C73E7985494012E92A124436F5BFCFD3ADB40C8549408AE6ED898B2EF5BFC0B253590C85494018882848762EF5BF7F6EC104518549404B88EDB5AE2CF5BFD3D653A54F8549401969E62B692AF5BFDEEF26C167854940C2CE0FE2AF2DF5BFDE2BBA6B79854940142486A61B28F5BF091BECF3FC8549401CA7BCF6701DF5BF4C6F4500E985494090038263EA1BF5BF9A2BDC5F0C864940D79DC4D2A71FF5BFCC777152158649402AF72581961EF5BF0101BDF522864940A13D7285781AF5BFB4C7256228864940FAF217D57D1BF5BF4A20166A35864940742B17A70F1EF5BF16537A5738864940CC0882D67E1DF5BFEB6B0714478649403C5F7391DB1BF5BF3A5014D84C864940840D872DCE18F5BF73CE521B45864940209982AC4417F5BFE0C2CEAC508649403CF691328B1CF5BFE29B6A28578649400F6F74E0BB1CF5BF53092FFD6086494013893CF37D18F5BF338311B05E864940DE8B766C8815F5BFA560F78990864940F81944F5CB12F5BF261A1ABB988649401BECE66F1212F5BF3C665B61A7864940D6A4B8DDD316F5BF311EF273B2864940E4BDE6BB0E0CF5BFFD9DDDA70187494022FB1240AF07F5BF767C3BE905874940C4CAEE024901F5BF8C8D1D8B4C87494029A6328683FEF4BF439F3CA050874940B3B909C11CFFF4BF0E922B0A488749409E65394A50FBF4BFAEBF41F63D8749401FF15A673DFAF4BFD742A8F42F874940111FB8C2D8F8F4BF145BC68B3A8749404DE68A89D8F4F4BFE08FA3FB39874940634DD9A049F4F4BF97AC01ED5F874940EB948909E7EFF4BF41A445D8568749401D04F97D85EEF4BF0622F9B15C8749409C3A7A1997EAF4BFA9B8C0384D874940A9E1BA08CAECF4BF43CDFCEE33874940BAE9FC2AD1EFF4BF79079A4B36874940F531A6D930F0F4BF52FBADCE2487494009F5DE0EC5EBF4BF353E58581F8749404EE459A705E8F4BF820CFB06F98649403FFF6D4C35ECF4BF7DBA1AFFCE8649403EAEE00B34E7F4BF4AAEB44BD186494064B293CAE2E6F4BF202B05DADD8649407B97951873E1F4BFBC251E05E3864940F17044F014E1F4BFC9F368B0D5864940BF7A70B495E6F4BF24278280B3864940CD2F72702FEAF4BFE0D93048848649401CD946C752F1F4BF0B6119DC4E864940169B920BE1EEF4BFCF3289404E864940A3D30821AEDFF4BF5535D4547F864940A46B878682DCF4BF15AE9639A686494025459063E3DAF4BF8D909BB9888649405EEB1FA382D8F4BFE36760B48986494005B72C0867D9F4BFDCDAC485A38649405E5D4584AFD5F4BF5739F396A3864940F2546CEC63DCF4BF753DFDB8C98649402AA045CFD3DDF4BF9B176C03E78649404712D1A290D9F4BFD77A877CEF864940E82B2D8B9AD9F4BF9532C331FA864940EB544F51B0D3F4BFE9AC2D84FC864940
140,27,Wokingham,1,1,51.410457,-0.833861,3,01030000000100000019000000CDE9B298D8FCEBBF8A9466F338BA49404A7F2F8507CDEBBFDE205A2BDABA49406ABDDF68C70DEBBFEA25C632FDBA4940174850FC1873EABFE294B9F946BA4940B169A510C8A5E9BF9A7D1EA33CB74940289B728577B9E9BFD009A1832EB5494037E15E99B76AE9BF9692E52494B44940BC581822A72FE9BF6E162F1686B44940D9B0A6B228ECE8BF416667D13BB14940D2A755F487E6E8BF986DA7AD11B149404AB20E4757E9E8BFBFF04A92E7B0494018213CDA3862EABF6F1118EB1BB049400BB43BA418A0EABF732EC55565AF4940B5C189E8D756ECBF9EB5DB2E34AF49409AB33EE5982CEDBF965B5A0D89B14940FD135CACA8C1EDBF5725917D90B349401F86562767A8ECBF1686C8E9EBB54940965CC5E23705EDBFFC00A43671B64940AAD216D7F8CCECBF61FF756EDAB649402E71E481C8A2ECBFAC014A438DB649409CC0745AB7C1ECBF43FF04172BB84940B5C189E8D756ECBFFC00A43671B8494045F46BEBA7FFEBBF5E143DF031BA4940EF75525F96F6EBBFABEB504D49BA4940CDE9B298D8FCEBBF8A9466F338BA4940
142,28,Woodley,1,1,51.451652,-0.902918,1.1,0103000000010000000A000000B7627FD93D79EDBF31D3F6AFACB84940062AE3DF675CEDBF7B88467710BB4940569A94826E2FEDBF9D465A2A6FBB49400118CFA0A17FECBF8FAA2688BABB49402315C616821CECBF3A1E335019BB49400C0742B28009ECBF44C02154A9B949406DA818E76F42ECBF1C7C613255B8494019FF3EE3C281ECBFAAB706B64AB849406F2F698CD651EDBF71C971A774B84940B7627FD93D79EDBF31D3F6AFACB84940
144,29,Yateley,1,1,51.338848,-0.82887,1.5,01030000000100000012000000AB7024009A69EABF37AB1D4972A94940BC37DAFF6D67EBBF0DBAEFDE72AA4940156632007A88EBBF174E4EC48DAB49407D5DDCFF2D5CEBBF89639787D0AB4940101ED5FF2528EBBFCCF784D39FAC49406504D0FFDDE8EABFAEEB406BB8AC49408B30EAFFC18CEABF010638737EAC494077741200D26DEABFF8E249DAA6AC4940C5C304008A5BEABF188C19FA0AAD4940D5E32100F649EABF0D4271AEFEAC49408D2B38003E2FEABF5367C5A2AFAC4940FF00CEFF6912EABF010638737EAC49402096DFFF4DE3E9BF0FF9A1B1FAAB49402683390036CEE9BF1828846973AB4940BD8A1500A6D6E9BF9003A725F3AA4940C76801001EE6E9BF44F8595D35AA4940DB7A2A00F61CEABFA4637BEBCBA94940AB7024009A69EABF37AB1D4972A94940
154,30,Windsor,1,12489,51.4799946,-0.6059955,1.5,0103000000010000000F00000010751F80D426E4BFE10B93A982B94940CBA145B6F3FDE4BF6C787AA52CBB494044FAEDEBC039E5BF2FA3586E69BD4940FAEDEBC03923E5BF9F8EC70C54BE49401D9430D3F6AFE4BF6D73637AC2BE49408E06F0164850E4BF6C5B94D920BF49407C2C7DE882FAE3BF90662C9ACEBE4940D3D9C9E02879E3BF2ECA6C9049BE4940D68BA19C6857E3BF4968CBB914BF49407138F3AB3940E3BFB324404D2DBF49408A1F63EE5A42E2BF9D853DEDF0BB49408AC8B08A3732E2BF338AE59656BB4940EC12D55B035BE2BF7B4963B48EBA4940D55B035B2558E2BFBD8C62B9A5B9494010751F80D426E4BFE10B93A982B94940
170,31,Slough,1,12569,51.5093466,-0.5954477,1.5,0103000000010000009503000079A211B53B0FE0BFB302244982BD4940C4ABF03A0321E0BF4EEBC9688EBD4940DB7CEB22E42CE0BF921A3F3BA5BD4940832D7AB72E2FE0BF9C4271209ABD4940C5505DFD833AE0BF57906D50A4BD49403BFAE9EEF33CE0BFB80DF93696BD4940C613FE9E4B56E0BF9A0320EE93BD4940B8E0AA1EBF64E0BF839115CBA2BD49401FB69A15F76BE0BF53929D27B9BD49400864EF10D779E0BF8D818BA2CDBD4940F7304678827EE0BFB11E4D64C8BD4940316F28E7EC89E0BFBD9AA344B6BD49406C0569B88E89E0BFC95E7149B9BD49401B385DF2508FE0BFF9D5757BC8BD4940B1826D6F7E89E0BFB941120AD2BD4940D92601E81594E0BFE375805EF4BD4940575A9AA1588EE0BFC07058B701BE49405F9EC3E8D68EE0BF6D9BD23B0DBE494055E69841339BE0BFDBA843DFF7BD49406F25003A38A2E0BF89187EFE10BE49403B710519249FE0BFD90708C317BE49405A4B18BD81A1E0BFF917E7B220BE4940C108AFDE5BA7E0BFC4D423DB19BE49405E5759D0BEA8E0BF4CC5A369F5BD494039495018B0ABE0BF8DA6DA5AF5BD494009C4177C4EABE0BF9C66B88F0FBE4940CCC9FCA66FD2E0BF0D226D70FEBD4940DE5C95C5D1CDE0BFB777C8420BBE494014DD396386D1E0BFA697CB2F1CBE4940A76C17385BE3E0BFA230FDF80DBE494073B3D24AB4EBE0BF9A61A38125BE4940C65C77493DECE0BFF4213C7931BE4940CAEFFBFCC4FAE0BF794752E251BE494087226DAB09F5E0BFECB66EA06CBE4940980EED672704E1BFFA04A32178BE4940936D822B7A07E1BF064B51DA6EBE4940C888AE909A19E1BF0A01568E8DBE4940064B984BB608E1BFBDED3736C6BE49401BD3E41CB400E1BFF541F424CABE4940603B1A8F06FDE0BF5234A94DEBBE494000622B2757FFE0BF0D7224380DBF494035DBE584B0F8E0BF6E38AEF71FBF4940C141F8F6E7FDE0BFFD842D8E25BF4940B5D1E64F9CF8E0BFC89BC18F30BF4940E771609FD9E7E0BF74175BDB2ABF4940ABE4AB8411E6E0BF45316A421BBF4940540AB3F258DBE0BFC163FB311BBF4940DD53E842E0E0E0BFE4554EE029BF49402DB094D144E0E0BF8421D3EA36BF4940177A9F8D1CD9E0BFC54BA4262DBF494094C7B0D9DCD0E0BFDA200D183CBF49407297A54E85DBE0BFD70776E04ABF49407D2B34C0B4DCE0BF3932322155BF49403A974AB369DAE0BFC7E7D2D96CBF4940270DF8DB36D1E0BFAAA27D3468BF49403B54074D13CFE0BF4867869079BF494058BBC2F942E0E0BFCD4B53B390BF494035167BDF35D9E0BFC986E847BEBF494028907A273CD9E0BF1B2D2FE61FC0494000E8F0D010F2E0BFBA2296E218C049406656C80F4DF5E0BFB32C41533FC049404F08B5D855F2E0BF9A4839B96BC04940D832CA1AC8FBE0BF3A23A22E73C049405B9AED8455F5E0BFBB0A9AC7ADC04940EF0B1746FDEAE0BFD483E000A7C0494065A3D1A411E6E0BFE4C39CEEB0C04940CE95FACF05E2E0BFE017B25CE1C049408CB40AE1B319E1BF0A96D31FE7C049406806548E101BE1BFCB1DED2D1AC14940B3EDFFBD3F22E1BF7B4423D11BC1494056FC9E528320E1BF8F7107492BC1494036B31E23F422E1BF1AECFE762CC14940088946610E9DE1BF4B231A471AC14940E88BC752FF9CE1BFFA0E17DF2BC14940653CC12130C9E1BF4C9920A832C1494026F8707F36D4E1BF5CA5041654C149407A28CAAC9BDAE1BF371AABCD47C14940DEA718C971D8E1BF8B70D67841C14940484ABBEC51D6E1BF4E569A1F4CC149408989E22FC8D2E1BFD9F3C17B40C149408B72503468D6E1BF9C4466292BC14940CD81B59F7500E2BF35AD89CA3EC14940FA2945CFAC01E2BF3BBB8DF3F5C04940B906EEC4F505E2BFF6B906F7F2C04940D11DA770FB07E2BF44AEC9E600C14940A9AC592F9612E2BFBCB5CCCE07C149404B8FECC3DA10E2BF8855269526C14940A199C5BBC52DE2BFFC54F4FA2FC1494013F6195B0325E2BF77BBBA7C68C14940CA6B35D5E216E2BF3946BA0358C14940B79104B96D14E2BF8C9C74476BC14940D1931E29402CE2BFE5C4FE2878C14940C497F67B9725E2BF07A87CB0ACC149405AB519179F1AE2BFE1EB0459A5C14940E61CDD969716E2BF569BCA89C8C149406B9B286B51FAE1BFC48F4230AEC14940D8A3B044C3FBE1BF5055BB589FC14940244B01A102F7E1BF2AE78A28A3C149406B663A65AFF4E1BF14038F0BD2C149407D1DFBB15EEDE1BF74E59A50D1C14940313189A225EDE1BF7C94B319D8C1494034211C0C300EE2BFE9DB88CBEFC1494053F33423D512E2BF8A5ECFEBE0C149403085C862D619E2BFD975617DE4C149403D98C5DC971EE2BF63953C33F9C14940AD0F597FD538E2BF1F3BEEED0AC24940317D6F7DE22AE2BF241D62BE47C24940D178A321F213E2BFFBC5A2DF87C24940C05EC22A0010E2BF49029DED80C2494023199D07F202E2BFC34B4EEC9FC2494071DDFE4B84FBE1BF2CCA731398C2494024269BDD25F3E1BF002E6AEAA7C24940DEFADE57B3EEE1BF70B7A9679AC24940B1F0A878C2F1E1BFD7E5A87582C24940BEFDFB860EE5E1BFD3BDA27E7CC24940AC40CD03F2DEE1BF7ADE46C9A5C249408BFD76DC40D6E1BF3527D0B599C2494076075498BFD1E1BF303823CE88C24940CC1ABF9D59DBE1BF3195A38F8DC24940029A106A61DDE1BFE5814FFD85C249406EA827099ADBE1BF8FABEE1A7DC24940F7A1E65DBECDE1BFAEC0CF6473C2494088D2E4A3ABC8E1BF8840B5CE33C24940709CF6BFF0BDE1BF6A686A2436C2494069DB26F88DBDE1BF33F4F04675C24940029C28D9E9C0E1BF74E04C2C7DC24940188ECA9215B5E1BF7EDC0DAE86C24940417262C412AAE1BF889FA6317EC24940B4271CBC66AAE1BF970D168F8DC2494059C4AC1579B0E1BF7424E89E91C24940F6132FF6FBA9E1BFD2876C1FB6C2494006EDFE1576C1E1BFC4360AA3E7C24940E272D0DCF5C6E1BFB8F22D4B01C349401C7B722DEDC5E1BFACA4168022C34940E8DFF6ED9FCAE1BF7643AD062AC349400D1441B6B5D1E1BF267F7B8D0EC34940DC01629907D7E1BFC541E8EB14C349404103C823EBDBE1BF45B2E23204C34940E66656DC46E4E1BF033F6E630BC349400AADF09807EAE1BFA61EE07FEEC2494024D4220A79DEE1BFDEDD42F8DBC249405DF3491CB2E6E1BF847247EBCCC249403BE5D338CCE8E1BF1A6388FBDDC24940C7B22DF680EDE1BF3E81FE0ACEC24940624DF5DFFAF7E1BF162FD75BD1C24940E955E5E4ECF1E1BFA3481DEDB7C2494085B93440E204E2BFC0F61C4DA2C249407361B739FE12E2BFDED3C5C08EC24940FE8553D08621E2BF93CD5A3A96C2494011F86C733120E2BFF5CFFA10A3C2494057ED824F3726E2BF85C5E51CC3C249404BCD6048202FE2BF98F92831CEC2494011B7179FB72AE2BFB46542CDE0C2494007BF76B73832E2BFEC08D9CEF5C24940F316D38B2C32E2BF3DE866F302C34940BF4DEE481C41E2BF094FE2C305C34940228B1E04DF41E2BFA341745624C349409C1ECE96F337E2BF9DA7DF3524C34940B8CDFE3E3E37E2BFEDE3AA5031C3494036D44CE1D528E2BFCCC9BD733EC34940B0ABEB3D0629E2BF66B8D5D54EC3494073ED8B6BB722E2BF1B0C1FA751C34940645B56BFA128E2BFFDE4CABB92C34940236292677424E2BF8768243D98C3494048EC4528D128E2BFE5230E56C6C349405315E298492EE2BFA4C49B4EC5C349402D1531305E39E2BF052DC0B419C44940254BBE850C36E2BF6FEBB65951C44940614D70D0203BE2BF0468F5B352C4494085BBB4A1B13DE2BF61C7BB4142C44940EE8C262D0261E2BFC1489A3045C449406A934353616DE2BF983CE698F3C34940575069ACB372E2BF87DA4691E5C34940A184DEEEF872E2BFFD9B6FF8E2C34940FD902F07FC7DE2BFE2EE4BEAE9C3494032863CE9217BE2BF2FA37A59F9C34940722DA14BB187E2BFD2FA1C2200C4494087D750811B8EE2BF9437E5A1EEC3494008D9AF746690E2BF7340F0DEFBC34940D199B1BE5697E2BFB6C4C3CDFFC349402D48F9DD1596E2BF24CE0FF50BC4494089A0B7217CA4E2BFD786982F10C44940F23EB5DDA1A5E2BFC7A4C9622BC44940F339F9298CAFE2BF1352AA803DC44940B53E20C08CADE2BF04951B2C62C44940812C60AA98B0E2BF5D4BCDAA7DC44940B625B91E6FA9E2BFC360631F7EC44940EAE63D6ED0A5E2BF947EC9EC9CC4494098B079B757AEE2BF3E2B470DA1C44940C3F16E5855B2E2BF3A26C77FD4C449402A26DEA60098E2BFC57770FB18C549404A823CFD708EE2BF7FF17BC807C54940198D48AB2E8AE2BF7E030DBF2AC54940D21768D87294E2BFCAD8E7B835C5494025DE39B038A6E2BF7BD4D2961CC54940B1F97D5207C4E2BF074CB5F0DDC44940D65FA0B3C1D0E2BF6A120C959DC44940989797B147D1E2BFF7EADCFC96C44940E6B4D37667F1E2BFA509963FE1C449409A3F93D796F2E2BFB5526E8906C54940B6CD2A4B9D02E3BF6FDA0ECF27C5494064B70AAB88FFE2BFEB7FE84A37C549402BD32A734405E3BFAE40BA302EC549406904463E330AE3BFB54C770033C54940DAB7B9EDAD0EE3BF1B308A1920C54940DE82A513A611E3BFE703975923C54940353BBBE28206E3BF75F80A8B6CC549407499F080D7E8E2BF48819BDB99C549406CF8A9F76BEBE2BF5EB4A6D171C5494017AA2C745AD3E2BFE268259E60C5494011AFD0D9BAD4E2BFF602B77A4FC549405CE1B4FAFCD0E2BFB7D7195A4DC549401F4625A1B9CEE2BFA25D0F9A5BC549400BFD56069DC6E2BFE4F27C3D59C54940C438312870C0E2BFA545C7D87BC549401529B3D24DB9E2BF5B46D91184C54940A8F1DC8351B1E2BF14A309E2BFC5494062D2469D68ACE2BF53DED19FC2C549400ECB759859ADE2BF10E7830CD8C54940573064057E8FE2BF46009B70CBC549409CD11580E482E2BF310C4B3ED3C54940C1AD3F77F477E2BFD9BDBD68C7C54940D56052D32272E2BFE3DC65AFB6C54940368F68EE0373E2BF038A13BBB6C549409AC2067F7D72E2BFC98A3923A1C549404A0E4924396DE2BF0EBB7E37A4C549402CA4811A256BE2BFCA071E279CC54940CB7599081173E2BF59FEB39786C54940A70E9B773369E2BFAD6F7E5260C54940881436194A6AE2BFA00C96504FC549404F6EB698935DE2BF5EE667D041C549403A022D178B5FE2BFB2E7115A32C5494065D215C39456E2BF0BD1331329C5494011151E31465EE2BF14EC225EFBC4494035E0D91FB76BE2BF2076F81CF9C449404ED19C78226AE2BFAE444125D7C44940634B5020855EE2BF806851E8DBC449403B1659992857E2BF1BFE7D6E0FC54940855516CCCE4FE2BF6CC0BD400BC549404A5632564450E2BF765790FF3EC54940DE83DAD21449E2BF7CFC21933EC549407F6A17AC5B4FE2BF3F10213945C549405DF818472F4BE2BFB43E96455FC54940DB1BF45F963DE2BFB43EEB1B59C54940E34EF4DB3E39E2BF94E388FB71C5494033BACCAD2B3FE2BFDA7A060D74C54940FFAA164C3E33E2BF445D2829ADC54940976AE0D3B42DE2BFAA70F249A8C549401ABB0C9B172FE2BF87E91ECB9CC5494080F3A31C452BE2BF74CB2F2599C5494097129B73DE29E2BF82E8B9FD9FC549407FB202D67123E2BF5143DA5C9AC54940A54F1BBF8F20E2BFC8F92377A6C549405DC049F1FA1CE2BF037F28A6A2C549407D70BEA0191AE2BFA18EF956B0C54940CBD8D6105E30E2BFFAF546D9CAC54940125EF44B6039E2BFD325407FC0C54940F8E720DBB043E2BF172E557AC5C54940EC7CC9C9854BE2BF797F0A5EBCC5494014D45091194BE2BFD922A06697C54940AD5EA4B8834EE2BFCDAC48F087C5494096D2B899E658E2BFBFA3232D93C549401CA093AACB54E2BFE7ADC4F3B0C54940CF3E374CA25EE2BF86D44215A8C549404596876CDC61E2BF0263F7D8B5C549404DDA2DD86D66E2BFD5CF9015B6C549407CC4AE530366E2BF59C1E226D6C54940931ED909E767E2BF03039971DDC549401A94801A9F64E2BF0CF1896A16C6494097E119EE4E59E2BF4DFE6147FDC54940864849DE2B56E2BF9060E5D8E7C54940D4E35F419953E2BFA99B935208C64940E89447EBB54DE2BFA8E814C40DC649402E95A1754C4EE2BF99DA4DE319C649400269CFC4CA5CE2BF16CB16B913C64940CC85397B9A78E2BF064F1BC41EC64940520660E47877E2BF395CF77E49C649408D6914729883E2BFC10470F54AC64940509AAAEE8482E2BF53D9AB8A5EC649406DA15B596AA0E2BFFD8C951268C649405BD0D8253FA1E2BFE03107865EC64940D4DBCA4FD8A7E2BF3BDACF995EC64940249087B29BA8E2BFBCB4E7F389C6494089A2D3678597E2BF9DDA99018BC6494020CBADAA0995E2BF46AE0166A4C64940257AA92C45A7E2BFBD2DC657ABC64940630E0E4876A6E2BF4A1B1111E0C64940B981B39CB3CBE2BFE87A279CE3C64940B29A3F58C9CBE2BF9ACD01A7ECC64940AFF5958EEEE9E2BF65D8FFACFAC64940DAFC92CFFFF2E2BF38C553008BC6494021EDEB9D98FDE2BFD2296B868FC649408D77720F6BEDE2BF85437FA555C64940CE4526CFB5E8E2BF4E507F0A62C64940A699A5C404DFE2BF836484D735C64940D4B9F63B19E7E2BF282023E733C64940CEE7C6F9FBEEE2BF37999C030BC64940000F739515ECE2BF4F64020804C64940D5B4016B9BE5E2BF4BC75AC70AC6494022E569C62FDAE2BF1CFDDE01F0C549400FC9D98FC7EDE2BF24C9FC0BECC54940E9ED6A7ED3F0E2BF61461B7CF5C54940F95E797970F5E2BF4B8405A2EEC54940DA04D38767FDE2BF6B2C843F03C649407D8FC9604F04E3BF6E1B81B1F6C54940BE33165AD302E3BF1DCDD077F0C5494001D9B2DE0E18E3BFFB2B1832C2C5494082F7B2DE491AE3BF021CBEE5B0C54940896C9093BD07E3BFB4F5177EA7C549407DD2DBA3EA12E3BF021D0B1E83C54940C3300B45151CE3BF840602C939C549402105C10C4D2EE3BF7844BFB837C549404278EC42B726E3BF743DC54623C549400F67EA7A0D18E3BFB354ABBD1DC54940688A2C339B19E3BF9B26BAD711C549401B9C67A4DE04E3BFEFF99443F0C4494019EA6454DF07E3BFB8A54B87C3C449403C179A4B0504E3BFF8461680BCC4494080FC5E8F0106E3BF73CE6B2CAFC449407182078956FFE2BF69C9D132A6C44940E4BFC2C35501E3BF40329D7393C4494013C1BCE402FCE2BF06A9D7F78AC44940C19C8BCBEEF4E2BF844320EFB1C449404082381889EDE2BF96080C2EA9C4494067980E0F53E6E2BF5DD21F88BBC44940C847EC882FE7E2BF5154469FACC4494008D9CFF5BAE2E2BF48ECD3DAA6C44940B87240C3DEE1E2BFEC38B41FB6C44940B74A4FB8B3D1E2BFD6C47EAB91C44940913FE999F3D5E2BFF8166A245CC44940AE3FB1BF32EEE2BFABA1413A3EC44940CA8D21558EF5E2BFF17CFD942BC449402539BFB1AAF0E2BF0434B32524C44940E4398C609ADDE2BFFBAB9B4831C44940B6E3D71A5FDDE2BF5E214E973CC4494049E06ACE86C0E2BFDEE977F63FC449408303486E4EC1E2BFDF8CA7C919C4494004E5E84AF5B8E2BF78A256A017C44940A04AAC6FE1B5E2BF7412FD0704C44940DCE3A47578A5E2BF97365559F9C3494088DDC76A33B0E2BFDBF0B13FE0C3494000BCC3FCAEA4E2BF56D08B22DBC3494073FAA18B6C9EE2BF95ACDAA4F5C34940AE6E24C8C08BE2BFA1E93E8FE5C349405DE6F23DFA89E2BFCF901151D8C3494000894F955F75E2BF84BAAEF0CBC3494098D4D842BB7DE2BF08CEABC27BC34940C4DFCB571876E2BF0F27ECFA78C34940B12FF0AA5A75E2BF4DA481F387C349403AE131788963E2BF37D34DBA85C349404C59EF688363E2BF04C89FEFA9C3494081D2A6233B5BE2BF98BB9B84AEC34940325E10AAE357E2BF4025D4629BC34940445D64AF3846E2BFDE798BA772C34940BE6EF31FB24BE2BFE9C3E0BE68C34940A1C97DC1224EE2BF801F2A187BC34940F14DA678E255E2BFAA42DB5771C34940AEAB5F07254CE2BF56AC95E447C34940BF297F2E5983E2BF7F5093DA32C349408A2BC08B7187E2BFCE934D882AC34940AC1724261E89E2BFAEDA46550DC349406D79F0C90088E2BF20E358FED1C24940EE18D3C68491E2BF945064CBD1C24940D8F202987891E2BF8D3F1640C1C2494014DF432FA5ABE2BF6E188D7DADC249402953D42390ABE2BF8BD74C0589C24940B2AB5DEAA8C4E2BF50307EED63C249409CAAE4CFABD1E2BFA37870F462C24940D0A9D2F45ED1E2BFB03F98C889C24940AD3C0D853CB9E2BF7CCDDA018FC24940423D41D6E6B7E2BF9883379FA9C24940E506D0F921D3E2BF5C6B1F87A1C249405EE24A8412D4E2BF6203B4E906C34940964D55C1A1E7E2BFB184D36908C349408B281E5AF9E7E2BF29E803DF16C34940EDBAEABCA8FCE2BF749E756B19C349407262F078E9FAE2BF398ADE8E3AC34940D2870D197403E3BF1CADEC9237C3494028C38E9DF602E3BF0E89B7FD41C34940CF72D2465113E3BF72CF00D23AC34940DC2EFEF1760FE3BFD36970879EC349400DC1521CCCDCE2BF3FB3AD30B6C3494026F87EFFE0DCE2BFDA9D41720FC44940A0F3E53029E4E2BF0797970E0FC4494080ABE7F5F1E6E2BF4CBD0D7AF6C34940FAEAEDF87905E3BF540EBEA8EEC34940C4CFB00A2C03E3BF41FEC81CFEC3494030059F02B105E3BF0F88AEAF03C449405A86AB8D2109E3BFC21ECA35F9C34940CF71287E9A12E3BF87093DCB16C44940F93361CD6E16E3BFADB3AF6C03C449409C513F0EE311E3BF7C7F013CF7C349403CE2F9E13619E3BFE3A35D6391C3494057E66324E81DE3BF63AA785C8BC349407020D5A22C50E3BFC41D9FBEB4C34940952400D34456E3BF0B6DA350C0C34940B6C5AB822F59E3BF86B9C110EFC34940818536FAC361E3BF93672C8FE8C349403A6A19C5A562E3BF6C9FE77507C44940F908B577A26BE3BF673DFD1F09C44940349C7B38957CE3BFC415396FF7C34940C927107FEC84E3BF524ACBCC20C449403C9E07592184E3BF9844D9CB5EC44940BEAF9D89AE8BE3BF3FEB73F76DC44940533C05C5E47FE3BF64BA39F0A3C44940774340682B88E3BF87CA1E9AAFC44940BE31D194BB87E3BF5DEBABA3C4C44940E4DB7513917BE3BFF6EB8DDAC5C44940FAFB3B482D7AE3BF9FF0A54ACFC44940F3B16DDE8979E3BF46886633E0C449404E0B5C726F9EE3BFA1CD1D79D2C44940A24BE5FC1BA2E3BF2E78919B1DC5494025109B41FBADE3BFF903A4DA18C54940BEC5843534ABE3BF6565AAE465C54940B1A0888C61C0E3BFDA24304371C54940F1426538F8BFE3BF2C66496782C5494006E3D63751BEE3BF841F792D99C5494015AEB38369B5E3BF803DA09999C5494023BD23A0D4B4E3BF3AAB6B9DB1C5494089A86783A6A2E3BFB790D81AC0C549406451198092A5E3BFB82B1D5BC6C5494098059D305BA2E3BFE22CB9F9F1C549408BA06E07219CE3BF79965955F1C54940E80B53DF3F9EE3BF2EF72BC7DDC54940456C7694DC97E3BF1DBB2D5FD7C549403B9AD7DCC997E3BF8ADFEF3DC7C54940C53EE96CB08BE3BFA505E9ACDAC549402F4834A8797FE3BFD441EBE0D0C549404591FC24257AE3BF4412036FBAC549404D35F525806EE3BF90BCEE1BB0C5494013F568E21061E3BF2B57E315AAC54940062686D1C457E3BFB1F5472CB8C5494075C362F36157E3BFB2161309C2C549409C4DF507FE62E3BF1BA21879CDC5494083AF5506A968E3BFB36CCD36C7C54940724A2805E37DE3BF6DD754C2D9C549400902C5B63D7CE3BF85EED48907C649402DEDDF1A0377E3BF78C07A2906C64940206FC6694276E3BFA44916B610C64940C84987522F84E3BFD440266E18C64940850B98B03089E3BF8E9C110B2CC64940F4948F558994E3BF09EBC83D2AC64940A97F0089C69FE3BF584707DF39C649406414C650E7A8E3BF3856FE5182C64940EBC1CB9915A8E3BF281E839597C64940702909C8FF90E3BFDB03ADD494C6494063FC4EFB7992E3BF6849196373C649406B624ADDF188E3BF34F044CB79C649408D14BF5D6385E3BF7608A2EC66C649405225EA893A72E3BF297DFD885AC64940632170360978E3BFD28886177EC649409937C9900471E3BFB666574980C649409E34BD6BAA72E3BF4D6CDD2DADC649408DC261D3C178E3BF60A388FFC6C64940D3BF58742077E3BF21BBEF6AD3C64940981FA81F397DE3BF8E625973D3C649401A46B82FEE78E3BF3FDA85B0E0C649402C228ABF1E78E3BF8E17A0E84BC749409530B438CC6CE3BF635D655258C74940B8662806B869E3BF1103D53348C74940F6D10C8A2558E3BFB7E7AA9C49C749403C48FD1D4758E3BFCFB30AD158C749402982BC8EBD50E3BF313E8D4757C74940E63FECD1EB4EE3BF32B833D576C74940BA7E51606456E3BFA2C814AC8DC749404FEE307B6553E3BFBAA10A9D9EC74940F3A875970D4DE3BF8F4974C39DC749409367DB10DE4AE3BF4E8A99CEA8C7494060D13BED693EE3BFFF70F77AA0C74940A8F2A0D11340E3BF5AC78791CDC74940EDE77DE03748E3BF730938FBCCC74940FD009FC07B49E3BF883698C5E6C74940B9E1D6E65A5BE3BFE2646CE8DCC74940A95358722C56E3BFDD9500CB15C84940F937BFE22553E3BFAC5F3EAA26C849403667EEABB74EE3BFD7021DF127C84940A9EBF1203E4BE3BF0E875E3752C84940AEA66D167644E3BFAE780E2B4FC8494066CC1880F43DE3BFD683020F99C84940FFC7E124EC4CE3BF7D28E2BF98C849409B81CA77F24AE3BF05B31034BDC849409BEB674E3D41E3BF917C0038B8C849407AF86F5F383DE3BF3D5F35A1D4C849408D4C0C98F240E3BF0A1DF94BE0C84940B5A4E545F23FE3BF6F34C3E8F4C84940245866051B2CE3BF8A592038F6C84940CD23CCF71A29E3BFC7A2345418C949406A1DC8CAB322E3BFD12EF03B12C94940EDBFF9D9A91DE3BFFE8CA9092FC9494010D14A4DA626E3BF51E86BEC2DC94940C97BF66BDF24E3BF9DEC4F4949C94940E30A134B8647E3BF567E77F44EC9494041B2C8C0EA47E3BFB985828E3BC9494029F4797BB350E3BFC8B7256D37C949409F33A7ED6F62E3BFD5F4B9B741C949408C73E9A57C5EE3BFC49145F42FC949405C458392475FE3BFBA6CC4D11CC949409D9AA923A557E3BFE8C702001EC9494068FB4ADB5959E3BF5FA86D7708C94940FD13D52DB74FE3BFF0A78070FEC8494067D441C05A51E3BFF6D12639EEC84940F42320F41E4AE3BF739B73CCE9C84940C5175FF26E4BE3BF4E433518D3C849409DA862F23F51E3BFAE708B27D9C84940D563C2AA9152E3BF1328EDD7D1C8494084F09727A655E3BFC0F41EFCA8C849403B0715318A5AE3BFC9EB07EFABC849405F8C89F4095CE3BF768510079DC849403A2E35DF6D51E3BF30ED754E94C849404FC83F81EE5DE3BF29C79A195EC84940B9560D61506FE3BFB47BC9F067C849402F90C2648270E3BFEA004F7340C8494012D1F77F788AE3BF82397A014DC84940B747806A2987E3BF5CD8F8F7A9C849402495EB19918BE3BF3452BB20AEC84940133D60018F8AE3BFADC2918BBEC84940EAF3E4074180E3BFFD928F93C4C849401BCD0C18116EE3BFB5F29F5B91C849408310FD42EA68E3BFC490D520AEC8494047F920EA3979E3BF80D54550C2C849409AB5FCB95777E3BF2199260ED7C84940EF4E7666AE7BE3BFA08CCB1EDBC849403FB4E67ECF7FE3BF232122D1C9C849400CC0EE5D1D8FE3BF42E1F4A5D5C84940FB77DC9CC093E3BF12A0131172C84940F540E3742DA1E3BF09DA1DD174C84940A61C6EFA5EA9E3BF681A23BD88C849407D2B783B8BB3E3BF94487F166DC8494036F15618D1C0E3BFCB943B6971C8494078E2B692D0C1E3BF1D688BD05FC849408729A99FA8D3E3BF1613ECE464C84940B14ADE45D5C9E3BF9628020036C849400EBC1940E1C3E3BFFD5045D236C849407A3DA24663C4E3BF00CEA1B41CC84940B19623EB65CEE3BFEE6F1EC806C84940E60542D167CEE3BFF1DC2E0DFDC74940A2744D62FAC1E3BF0D1783D80CC84940C36E347020C1E3BF97076F6803C8494061369AB613CDE3BFD6F838FA5AC74940C2ECC69C85BEE3BFFBA8D775FBC64940FA33690CC2C0E3BF264A5EA6D8C64940409EEC687ABCE3BFF0F51DADD7C64940E4DDAF35BBBDE3BF74B0FCF5C6C64940FB2D1B9A73C2E3BFA155D161C6C64940F78E72C77ADBE3BFC0DF9E897AC64940FC52034085DEE3BFF989617E60C649408C6B593A60CBE3BFC15907D957C64940A51C39682BC7E3BFEB666C0742C64940E96FE461B4C2E3BF4618CA9F41C64940FD60852D5FBEE3BF20D3ED5007C64940EB23DDAE74C5E3BFA3938DCFFFC54940E74D6B88B7C0E3BF6152A9F7FFC549400E7FF31A9AC0E3BFC649568AC7C5494069AB96F2A5C7E3BF51F60376C4C549403D3419B690C8E3BF56F0BD35B4C54940C4D1C81F7BCCE3BF9C60F9FDB2C54940E06697ED72E4E3BF0EBD9214B7C549405442056F4CE4E3BF38277CB2C5C54940FDE8E48851EBE3BFBE24CAFFC6C5494030F23EE50AEAE3BF105C4027E5C5494001513804EFE4E3BF07C010FBE2C549401EECF93079DCE3BF3943E7DD03C649405F60AA7A36D6E3BF804C72A4FFC54940EF0A4F4569D4E3BF0860F14810C649408533639557E6E3BF6AD22ED121C649408EB2E90F44EBE3BFEB73B141EFC5494022537D47D8EFE3BF8E063AE1E7C549401DE8662B4EEFE3BFD0C45CE0D4C54940E50108B54CFAE3BFE531493AB3C54940E32A3D8B9DE0E3BF628A457C96C5494029A08B645DCCE3BFE28835E994C54940FABCFE2D45D0E3BFCCCB5FED72C5494002A4B06693C8E3BF6D5F48EC73C54940DA1030D127C8E3BF49ACF4AB4EC5494054F0041309C3E3BFC23E4FB14EC5494036C9387F43C3E3BFC885997F44C54940B488655B24C6E3BF1582EED8F2C449407A4A440E80D2E3BF9B473206F2C44940EE2BC960D7D3E3BF3C9D14F5DDC449408E6539E734E4E3BFFBEE9778E0C44940F8F8776151E2E3BF9D64E034F8C4494051F8378BBBEBE3BF060EE504FCC449403822686020EEE3BF7AAFCC640EC54940D89882B397F5E3BFF03AA52F0FC549405873815064F1E3BFB7202C0FCEC449403AB052A0E7E0E3BF555904ABC6C449408AE5D1759BEBE3BFF866DDC6C1C44940B36CBF5E1204E4BF1C46FE6BD1C449400EE696C17B01E4BF0A32AE95EBC4494021F7ED095D07E4BF480AE481EFC44940E2E1A5123809E4BF1F7C92B8D4C4494047A908824422E4BF08288E23DEC4494085DF36C3334AE4BF772EE760C1C44940EFB951C3754FE4BF7B8E2C2AA3C449401ECDE3681F53E4BFF5534A7FA3C449400F63FFF18255E4BF1E508F6B81C449400EC0E9B35C5AE4BF3620F5E981C44940E1095B7D825AE4BFDD72D8D58AC4494079136894D366E4BF2486449B8AC44940E6875E43EF6DE4BFF07CDFA839C44940CE89018A097AE4BF24D738FD2BC4494026599A01F977E4BF43236BB122C449403D0324E16265E4BFEAC67ADA1FC4494041307DF15365E4BF9D7732F80AC44940014D68326E69E4BF48E4AE4B0BC44940DC7A1951A869E4BF057147F017C44940AD23BA560A74E4BF43D52F051AC449400CB051168D74E4BF7EF7EC560EC44940F61EEF6D5D7BE4BFA3DC06DA0FC4494017803EA0067BE4BF098FE2CE19C4494023220CD95380E4BFBA2C34831DC44940B8C635DCA081E4BF9F92068D0CC4494091503D13D878E4BF9E8291F20AC44940FBA104EBBD78E4BF5A625B5B03C4494002FB5000A983E4BF894AC3CC04C449401A41EA502B84E4BF4B26217AC4C34940D147A6BF3D7BE4BF14C5F26DC1C34940DC08FA430977E4BF8086BD9388C34940A21FDAB13A7FE4BFB19686E035C3494008C31B4E297DE4BF88C089ABF3C24940F7C435CE3885E4BF68EDFF36E4C249401159F3D73F89E4BF8E65C80FE7C24940E06A1805978DE4BF1E5B40AB09C34940354B76EAB986E4BF44A9F8AE71C34940C21074FE9C87E4BFE135294E98C349408E48D559FE8BE4BF6E923CB9ACC349409EBBB34D978FE4BF56BC3A6FA9C34940AE257ABD4097E4BF30D98793E4C34940529E9EB2739AE4BFAC1768B9E4C3494081FAA5672799E4BF4D8B21D80AC44940406BE9EAB593E4BFA1B3EDA70BC44940B05E51EAA98BE4BF9AA59E6D31C4494088BB934D6B93E4BFFC03A1CD39C44940935DA7BEFC98E4BF0C141FB02FC44940DF418A42D39FE4BF8E6E467435C44940C30A33F4DDB1E4BFA9A7104800C44940DE48F51365BBE4BF1DF70F4EFCC34940D7F743A429D0E4BF5D1B00A7D3C3494073539DCF71D0E4BF27C7E5F3E6C34940469307E862DBE4BFF31209BAE5C34940822BFA47D1DEE4BFDD4CE2740EC449406C1A53B6CCDAE4BFFCD9643D10C449402334DB9D4AD8E4BFB558D976FBC349404E54EDB423CCE4BF0589CD0502C44940B5D6EE622DCDE4BF72BD44F126C44940200E802C02D2E4BF23483E8029C4494084E0CCB998D1E4BF9E8C79B84DC44940D137F65827C5E4BF7E6F68164EC44940C0FE08F7CAC5E4BF9ECFD2075AC44940ACAF80F477BCE4BFFFD828E569C449403E6425908FB2E4BFAAAA1CEB60C44940CDA02B1944B1E4BF39458A4F72C4494037FAFBF33FA9E4BF8BC5D86182C449402725DCA0E5ACE4BFB5D6B7618EC44940DD9D3B462EB5E4BF2543FF5A8BC449405E033A4E99B6E4BF3912A3EE7AC44940C4DCA6F63ABEE4BFFFAE28C678C449403BA4F43DF4BFE4BF8CC8A7BB95C449404E55F85447B1E4BF4AFAD44CB5C4494043C9483F87C4E4BFDC76400CC0C449408B7FA8A5A0C1E4BF9988925ACDC4494006D6F11713B2E4BF8844E1CBC7C4494036AB27D674B2E4BF6DACCAA0CEC44940F138CACE16C1E4BFE2820FBFD0C449403579568A6DC0E4BF8B841A0B41C549407C09373B7BEFE4BF8C4B831A41C54940EF333CC0D8F1E4BF4512C33F4BC54940E4BA37F188FDE4BFE8CD02D44EC549406B22BB23EAF5E4BF5403B27476C54940189B97B8E700E5BF8813CB1080C549403D8A7F4BF705E5BFAA229A346AC5494054953ABEF10CE5BFD93D8D9669C54940D9631EB2D30BE5BF54712A6158C5494071D4CF8C671FE5BF7535178351C54940B32FBC7D8325E5BFCC54D4D660C549404F1005342224E5BFABDD40C368C5494021DA31B63831E5BF4FB0FD037DC54940616ECDEDF737E5BFB5E9571563C549405B19FADCB240E5BF8455106A7BC54940FD1039483F3EE5BF417F8C1185C54940F9652F9AF041E5BFD79D7A088CC549403F18A42F1345E5BFFFBAF36882C5494075C132500E41E5BFC7C2DD9679C54940E14E581A7147E5BFC9F61E8060C549401C08044FA258E5BF8478252C5BC549402E1BE0C42654E5BFBEBD174AFDC44940C889F8404A5CE5BFEAAD39F8FAC44940A226F821835AE5BF627B1EFBDAC449402FCD5E9A2E55E5BFE93E625ADCC44940BCD489F8F955E5BF195A8B9CC9C44940C443EDD6DE52E5BFA7D16EEAD6C4494032FB1B60073FE5BF09F032BED4C44940D8D70025D340E5BFB870C8BCBFC44940A7A623705056E5BFBC3DEC2CBCC4494050D16CC6CF44E5BF26CA8B7A2EC44940EA734C242945E5BFC0CFA50A20C449408FDB8FD43C49E5BFD5FFEBD31EC44940A16D1EB5074BE5BFF4013B69A5C349406863CD56B95EE5BFA79EBFEC9BC349402F735A3FB05EE5BF98733FF98BC34940A96C261E4975E5BF4140863D82C34940C0FB2DE60276E5BF2A7187838EC3494002385452CC87E5BF1F9ABF6C8BC34940CCC27670FA8AE5BF0D2327326FC349404304CA8D8C87E5BFC7F1435670C34940B1B287D75886E5BF3E3EA2B853C349404612BF96338DE5BFC3C8EA0C14C349409A3AC9CBD2B6E5BFA40891B413C34940BBC8ACDF58B6E5BF9845168522C3494035668F2C3EBDE5BF1796765124C34940DDB385D6D2BDE5BFDF1D709707C3494052AB24A37BB7E5BF05668EA50AC3494027A886AEE0B9E5BF86861342C1C24940F151D74CC9A0E5BF233AC036BAC24940625ED14401A4E5BF8A4832A480C249409638C08084ADE5BFB24BAE4386C249402411CEABC0A8E5BF4936B69E92C2494030AB8F0598BEE5BF83FFAA159DC24940F7CCEA40DDC1E5BF6E3A6A6069C2494044502470A0CCE5BF5CA3D65A5BC2494049884CD902D6E5BFAF010841D5C1494036EC9DD460BDE5BFA0A0547CE3C149402EBF5A24F5C2E5BF37174387E7C149408810F58E33C6E5BFA17F891302C2494046407BCB41CAE5BF576E75FE03C24940C909EEE75BCAE5BF95223E411FC249402E3D0700D1BEE5BFDA40D3D94FC249406D643FD97BBCE5BFFF95D8544CC24940F3CB4B7BFCBBE5BFEDA6A9775AC24940AF526191C78EE5BFE6ADA75E59C249405D911D1CC892E5BFB61F850D98C24940AB095B25F48AE5BF0B05AAC69BC249406A4853942488E5BF21842161AEC2494035DB864B4B7CE5BF011E2DA6A8C24940432177E7C17CE5BFF694762397C249407EE687995378E5BFE04F146B90C2494070CBDDA7386AE5BFC7ABB7788BC24940A9115F764C6CE5BFB34520D27AC2494037D950D07565E5BF5B9B0AD575C249404A3767C8ED40E5BF1A8ACEAF88C24940E0E72B4A5B2FE5BF6C86C4817DC24940FEE5E6A00F2DE5BFD61CF0368CC2494083DF752D030BE5BFF0EE63708BC249404D51978BBB07E5BF23225E3C67C249406E2B31CD720FE5BFA9237E4465C249404EE5B0DCEE0FE5BFB0AE467C52C24940CB7242FAC905E5BFF2B61E1056C249400FA7E0099404E5BF8527777345C249405469BDA39EF8E4BF05C92B6332C24940B19E42BBB9F0E4BF854253823FC2494046C5B2F5F7FEE4BFD49AEC2F6CC24940ADC537288AE3E4BF7672A42973C249401FF69397AFE1E4BFAB45F24D12C24940CB084CD5EADAE4BF0287B100D7C1494040FB9B7B90DFE4BFAB60494E7CC1494039D394D424CEE4BFFDCDD0F87EC1494000CCE355D8CAE4BF77008C8D72C14940B0219F13D6C4E4BFB315B7D178C14940EBF7034C65C4E4BF11FE8D0D86C14940FB41625CFCABE4BFD2338BE49CC14940AA36724A6DA9E4BF797203B48FC14940273F9D9B88A4E4BF1AEF214A95C14940A2EA48C70DA3E4BFAFA68DE289C14940B9BE24E0D1A7E4BF10A963C34AC14940D7ED39619E66E4BF2925B1DE17C14940F80217874C63E4BFB6B33D8B35C1494023C67BFF096FE4BF423854D33DC149404E3E8F4C766DE4BFF007AEED4BC14940992B907F007CE4BFE79DD0F14AC14940D4EE4D7BB171E4BFFBE545B96BC149407589F0A90170E4BF4A17EAE664C14940923DEC78ED68E4BFE8AD238B6BC1494037FC48B9E35FE4BF323AB43653C149409D11FE67FA5DE4BF013F471B61C14940BFC79050804DE4BF0A2A1CAB58C1494088B3B826EF3DE4BFF7D699F667C149407E55853F7D25E4BF8BCECB966DC149403437A94DAB23E4BF4352360B7BC149403B246CE52628E4BF60630DFC7FC1494065D0B72E7624E4BFE111142696C14940A52050207F1FE4BF0865E00395C14940C9598EC9B718E4BF589E9677B9C1494005EA016C520CE4BFC339513AA3C1494077515992CD1AE4BF42861B4070C14940D3E4E6777D17E4BF0B1B7C426CC14940FBC6BAD4091BE4BFD5E475E750C14940C4A732A16C13E4BF279A9CD62FC1494076DFA87AE610E4BF0A91C82C0BC14940194E8D3B2A19E4BF8720848EEDC049403F92717F2422E4BFACCD7F32F5C0494019EA905F1626E4BF0D90D792D5C049406EA15724C1E1E3BF671B661A9BC049408BDC0149A2DFE3BFF124D498ACC04940595AF09B81D4E3BF61A21A9AA2C04940D26B261EE6D6E3BFE13197AB90C0494080036D4D1CACE3BF3F2BB0E672C049400777699E2299E3BFCB324CEDC5C04940197AE48029A3E3BF99C27E94D2C0494000CBD4A4B1A4E3BFD96CA30FDFC04940A090DC8355A0E3BF64D5926C05C14940ABB56828B290E3BFCA155416FAC04940CE64A0EEC691E3BF414EEEDAEEC049405697B2B80981E3BFE2AE4894CDC04940E2A20E9FCC98E3BF0954EF1B9FC049408EA3748A7596E3BF3299F4B091C04940AC27D86C969DE3BF1C78F13287C04940738CB55C6D9BE3BF547C19767AC04940C9F10DB828A2E3BF6BDCFE6A6CC0494079EF8127D69FE3BF83DF2D0260C049403DD6A5D9C38DE3BFC4ACC8095FC04940EEA272D74F86E3BF3D8D95FD48C0494087286A1D5A7AE3BFB88CE73963C04940929D99925F77E3BFCB702D1D3FC04940AD8E98DEBC6CE3BFC0F494583AC04940A12C750F2E4BE3BF7D37BE67C4C04940171733D3784AE3BF34DA13A59EC049409571685CD158E3BFBAE6477760C0494009A165EF5747E3BF0F579D7160C04940FE0C048D6747E3BFE32E122871C049400BA9EEB79042E3BF0AE9540972C049402E4C3A03D342E3BFD67EB4A286C04940F7D493ED4A3AE3BF4768625771C04940BB2B8B4A3636E3BF2B1C26BA3FC04940895D9111C109E3BF045C58B535C0494046FF1D887E07E3BF76CEFFF740C04940092185F16B0CE3BFB1A6E9284DC04940F8A2BB2E7C04E3BF92F7641476C049409473AE4B10F4E2BFC25F8AEC5DC04940820FCEF1CAE4E2BF656B7D8059C04940E687EB12C9E5E2BFB5DB670841C049405EC46ADAE7DFE2BF177B658A3EC04940C9FDF40CE5DCE2BFA96967E44FC049400758238164D6E2BF3BC5643B51C049401227BF3AC0D4E2BF33BF285A64C0494033BE35C883CAE2BF50AE2E9B65C04940663DBDA7C5C4E2BF1404F0564BC04940F921A7DC6BCEE2BF131178BC2EC0494055D0614E73D4E2BFDD4987BB29C049406961692705D5E2BFD664D58615C04940FD2C27DD54C3E2BFE2F0085B10C049405AC52B80DCBBE2BF379AF4942BC04940965E9E0259B6E2BFCBADE56D23C04940ADA89E6CEFB6E2BF5170038213C049400738E61988ACE2BFC221DC2A0AC04940370FEA12F5AAE2BFE500820914C04940673F6711FAA6E2BFB5E5A4E20FC0494002E9104F02AAE2BF22C3515C1AC04940FC982095D9A7E2BF97289A3929C04940CAADB87748B9E2BF9B561B6D3AC0494049CD4D0A4694E2BF9FFC279078C049401195FDB0708BE2BF6DD5312171C04940605C172F6589E2BFD5372BA77EC0494086DC6FF1E38FE2BF2E571B2080C049406D84BA4C898EE2BF0CFA820C8DC04940FAEF0737F498E2BF741379FBA9C04940D972A8684293E2BFEA3B610AA7C0494037233F338B92E2BFE7653097AFC049409EFCDF70187CE2BF507ADDB6A3C049406FB0957EAC77E2BFD6FD27EEC7C04940E9D31D548962E2BFDD3D3157ABC049403F0DCD824469E2BFE2025F4E96C0494073D4BDACAD6EE2BFB8F196C9A1C0494087C73EF1AB7DE2BFF91F32A775C0494095386B059276E2BF50E0CBE766C04940AA32BE0B8791E2BF329A572513C049409AB94B41697DE2BF5C8C099106C04940F9050B9E2D49E2BF70D8B446FCBF4940CE8F1973702FE2BF7DCEBC07E6BF494012EE433EFC3DE2BF738B41E7C3BF49404145ED3A0A2BE2BFCB5EEBF7AABF4940327E6E78231CE2BF963D1467A5BF494089A093CB9F18E2BF2357DF648BBF4940EDE13A7A590CE2BF0804A1C98CBF4940E4423465400DE2BF7988347895BF4940691B5E050601E2BF3060E397A4BF4940BEF53C4DD7FCE1BFE449C45F9FBF494046A79A3C0202E2BFA35A45F687BF49401FFA0E2E53E9E1BF37DE4C1C79BF49404EB081538BE3E1BF30095C6C93BF49403BC5D0CB13C1E1BF3E4881EC66BF49407265296A97C3E1BF598749834CBF49407B1E92AF35CAE1BF676636654BBF4940C0FE089299CAE1BF01F5575337BF49400C996F3B19C4E1BF39CF9AD536BF49408A1CD42BDBC0E1BF8276C41150BF4940B2D205A6B7B9E1BF1AB155CE48BF4940EAC974FD16B6E1BFE7A0BCBB5ABF4940C85B5ADAE19EE1BF9C71C9E846BF494020840E7B9482E1BFCA1BC4F016BF494016B51DE8448AE1BF58BC4715C7BE49403A42990C9683E1BFD5B1F6C9BEBE4940897102974D7EE1BF21DDFF50EFBE4940DD35A0DA7D76E1BF90620980D4BE4940047758A41264E1BF8D63978CEDBE49400A21CB473166E1BF60067C09FCBE494084E4E5506779E1BFADC5A8211BBF4940AC91A235F078E1BF894F663C28BF49408619A57B506AE1BF228C9C011EBF49404EF774DA7E57E1BF5F43507FF7BE49407149B3E8D238E1BFA0D2032503BF4940EFA9460AA637E1BF3418E54918BF49400774ECDB7E3FE1BFF08C8CA921BF49405FCACA26FC35E1BF68BD3D473BBF4940D1CF713B4C23E1BFBDC0D9F814BF4940D7A8117F0000E1BF741C623122BF4940830CE4CC5705E1BFE1A24F6405BF49408F0270C7B33EE1BF32797532E0BE4940C91D57D29341E1BF10E492A2D0BE4940064BA88FEA3AE1BF78078733BFBE49409211FC0E014AE1BF7102DD27C5BE49401C2C0BC9844DE1BF1F9218A9ACBE4940876106322242E1BF9964950E9DBE494011003F3EAA45E1BF2E011BDA8FBE4940A181A9A10E2BE1BFE8FE800471BE4940906C72C0922DE1BF3405AE7F64BE49402CE4EE1BF61FE1BFD1E84BC34ABE494079A211B53B0FE0BFB302244982BD4940
221,32,Gerrards Cross,1,12574,51.5868366,-0.5569089,2.5,0103000000010000000D00000000000000D4DDE1BFC65B4FFC6ECF4940000000007C17E2BFECED30E8A7CE4940000000008C7FE2BF98C1B566ACCD4940000000005CDCE2BF99FCAEB1E8C84940000000004413E2BFA24A4C858EC7494000000000EC98E1BFCA6D8E0492C74940000000009CCBE0BF7A664E1747C94940000000008CBDE0BF2FA40D4E99CB4940000000004405E1BF0DF7B5C4E1CC494000000000C448E1BF456A1A0461CF4940000000009C7FE1BFD4CED8D0BBCF4940000000009CD9E1BFA1A58EF083CF494000000000D4DDE1BFC65B4FFC6ECF4940
229,33,All Areas,1,12574,51.355073,-0.885944,80,0103000000010000007A0000003D7E6FD39FBDFABFD2C5A69542244A404B051555BF52EABF5393E00D69264A40B87878CF81E5D2BFC16F438CD7F04940FFCBB56801DAC6BF267156444DCA4940C440D7BE805EC2BFF9BD4D7FF6C34940452DCDAD1056A33FEB1D6E8786C3494022E17B7F83F6C03FF9BD4D7FF6C34940766F4562821ACA3FEB1D6E8786C349407C462234828DCF3F603C8386FEC14940F64201DBC188D13F53758F6CAEC04940D8B628B34126D23FD9EC48F59DBD4940C7F2AE7AC03CD23F390CE6AF90B94940F4F8BD4D7FF6D03F2BA5677A89B349406022DE3AFF76CF3F47AE9B525EAF49400C21E7FD7F9CD03F3370404B57A84940A0504F1F813FD33FD97C5C1B2AA4494036E84B6F7F2ED53FEC3191D26CA04940D7DF12807F4AD73FFE43FAEDEB9A4940BFB7E9CF7EA4D73F55151A8865974940E3A7716F7EC3D63F25581CCEFC92494041481630815BD53FC1525DC0CB8E49405AD8D30E7F4DD43F51C1E10511874940A2B8E34D7E8BD23F7B6AF5D5557D4940E8305F5E807DD13F54909F8D5C754940DDD0949D7E50D13F3750E09D7C6E4940C6A86BED7DAAD13FD3D9C9E02867494095F0845E7F12D33FF03499F1B6624940BBB9F8DB9E20D23F412D060FD360494033349E08E23CD03FE3FC4D28445E4940E3FC4D2844C0CD3FA915A6EF355E4940768D96033DD4C83F14B2F336365F4940E08618AF7955BB3F45B9347EE1614940D9AF3BDD79E2B5BFD597A59D9A6749402BF702B34291C0BFF03499F1B66849406682E15CC30CC5BF0A14B18861694940151DC9E53FA4CBBFA4C16D6DE1694940E25B5837DE1DD1BF006F8104C5694940579753026212D5BFF03499F1B6684940A968ACFD9DEDD7BF60C9552C7E67494025085740A19EDBBFEA3C2AFEEF66494076711B0DE02DDFBF1903EB387E664940669FC728CF3CE1BFC7B8E2E2A86649404AB890477023E2BFF67EA31D376649400BEE073C3080E3BF696E85B01A654940B952CF82505EE5BF250340153764494072A609DB4FC6E6BF9C4D4700376349404EB6813B50A7E7BF3B56293DD3614940259694BBCF71E8BF635FB2F1605F49401D59F96530C6E8BF9EB29AAE275E4940FE277FF78E1AE9BFFE261422E05C4940F8C3CF7F0F5EE9BF60CC96AC8A5C4940DDE9CE13CFD9E9BF317903CC7C5D4940D751D5045177EABFCF6740BD195F4940AF0AD462F030EBBFFCE25295B660494088687407B133ECBF7FA0DCB6EF61494061FA5E4370DCECBF6403E962D3624940D0EFFB372FCEEFBFEB1B98DC286449405B5D4E098849F0BFD4B837BF61644940BEBD6BD097DEF0BF9AD18F86536449403123BC3D0841F1BFCA349A5C8C634940A913D044D870F1BF3E03EACDA863494080F3E2C4573BF2BF1D1CEC4D0C63494058923CD7F721F3BF18247D5A45654940CCD078228873F3BFB2135E8253674940382D78D157D0F3BF12FB04508C68494022AAF0677873F4BF0856D5CBEF6849409702D2FE0798F4BF2A1C412AC56849408B54185B08F2F4BFD655815A0C684940FB3BDBA3371CF5BF0DC1711937674940F1660DDE5765F5BFF59F353FFE6449405BEA20AF07D3F5BFEB1B98DC286449403C6BB75D68AEF6BFF2D1E28C61624940ED815660C86AF8BFC7A17E17B65E494059DE550F98C7F8BF40A374E95F5C494059DE550F98C7F8BFB66AD784B45A494057056A3178D8F8BF024A438D425A49404434BA83D859F9BFE3C4573B8A5B4940ADDEE17668D8F9BF60CC96AC8A5C494007431D56B8A5FABF5A68E7340B5E49406E14596B2835FBBF284701A2605E4940D9B11188D775FBBFA915A6EF355E494051A2258FA7A5FBBF8126C286A75D4940D6E5948098C4FBBFE960FD9FC35C49404FAF946588E3FBBF3DD52137C35B4940C878944A7802FCBF2FA4C343185B4940BEA3C684984BFCBFE3C4573B8A5B49409835B1C057F4FCBFACAB02B5185C49408AAE0B3F385FFDBF5DFE43FAED5B494069705B5B781EFEBF2FA4C343185B49405307793D9894FEBFC2F7FE06ED59494040506EDBF7E8FEBF3B1A87FA5D584940B9196EC0E707FFBF78B81D1A165749404302469737C7FEBF4D11E0F42E52494040506EDBF7E8FEBF41B8020AF5504940310A82C7B737FFBF35D252793B504940ACAC6D8AC745FFBF4227840EBA4E4940B9FFC874E834FFBF3929CC7B9C4D4940AF44A0FA0751FFBF34130CE71A4C49401F12BEF737A8FFBFBD344580D34B4940BDA772DA533200C00B5F5FEB524B4940359886E1236200C0857AFA08FC494940B1F9B836548C00C07AC2120F284B4940A3409FC893C400C0EAD0E979374C49409692E524941E01C0EFE6A90EB94D49404A7B832F4C6601C0674815C5AB4E494032C687D9CBD601C0782634492C4F49406DE525FF93FF01C0782634492C4F4940577C43E1B37502C0452DCDAD10504940C74961DEE3CC02C09B559FABAD50494037177FDB132403C00C3CF71E2E514940EF703B342C6603C04C1B0E4B03514940B96C74CE4F3105C0D690B8C7D26B4940A4C2D84290C305C0B741EDB776784940A22AA6D24FB805C0618E1EBFB7894940C5008926500405C0015130630A9A4940D4D347E00F9F04C0DC2A8881AEA749400DC7F319506F03C0BE1589096AB44940F6B704E09F1201C00778D2C265F5494068041BD7BF6BFFBF310BED9C66154A40DF347D76C0F5FCBF997FF44D9A204A4038F3AB3940F0FABF03B4AD669D234A403D7E6FD39FBDFABFD2C5A69542244A40
398,34,Burnham,1,1,51.5357928,-0.6655164,1.5,0103000000010000002D000000F6BF12FEFBC2E3BF76E183AEAFC04940A25CBF057EB9E3BF6DD96B8B7CC04940B1DEA815A6AFE3BFA2DE420D95C04940DD674B0CB89DE3BFFFBFFBF4E9C049401329CDE67198E3BFA163ACDB45C149401E5EC6038099E3BFD2C43BC093C14940FCA886FD9E98E3BFB52968A4EFC14940CEE561FC8FA7E3BF4FCAA48636C2494037B68DF5C3BEE3BFE78D93C2BCC349400FED084C4CBCE3BF66B33401D0C3494030F31DFCC481E3BFF4311F10E8C34940A9E1B611AA6FE3BFCD8D8E50D8C34940F9591B199A61E3BF79DF9D21C1C34940780C8FFD2C56E3BF715AF0A2AFC349404AAB6BFEA942E3BF3DDA931BA0C34940E4EDADED921DE3BF8B4347BC86C349408C9DF0129CBAE2BF29E78BBD17C4494046836FF5F76DE2BF10093AB58EC4494046836FF5F76DE2BF10093AB58EC44940CCB96F10084FE2BF457EA257A8C54940E5D53906642FE2BFEEFB81BC68C64940AD799FF4CF1DE2BF10690A534AC74940859FEEF26302E2BFB8C4364EAFC74940F02197EE64A6E2BF5C44CA051DC849401C8D8D8A49C9E2BF292499D53BC84940A39EF47464DBE2BF373BAD365AC8494015A6947C9135E3BF816B38769AC8494047D565E7235FE3BF6EC905C2A9C8494057314BF1A7BCE3BF51ECB2A904C949405809CCF918E2E3BFAD6D8AC745C949400EDDEC0F941BE4BF9740A5A54DC94940BF7A81FEE7D5E4BF147B681F2BC94940A0B3BBF6BBA6E5BF6BFC789E2EC94940203FC0FFFB38E6BF51ECB2A904C94940A713BF18803CE6BFD076F12323C849407F390E171421E6BF022E235058C749404CC862F60D27E6BFE76B3B12D4C549400EAA6807B750E6BFE7AB3F1DEAC44940C00985083884E6BF20C1430713C349409032E202D028E6BF8B485EE7F0C24940FFAD090ED48EE5BF6B4A0DC8B9C249405A9654127E4EE5BFD8FCAEBE70C14940805C870F91FFE4BF0F67D9EE79C14940F6BF12FEFBC2E3BF3A68C06A76C04940F6BF12FEFBC2E3BF76E183AEAFC04940
399,35,Farnham Common ,1,1,51.5357928,-0.6655164,1.5,0103000000010000002D000000F6BF12FEFBC2E3BF76E183AEAFC04940A25CBF057EB9E3BF6DD96B8B7CC04940B1DEA815A6AFE3BFA2DE420D95C04940DD674B0CB89DE3BFFFBFFBF4E9C049401329CDE67198E3BFA163ACDB45C149401E5EC6038099E3BFD2C43BC093C14940FCA886FD9E98E3BFB52968A4EFC14940CEE561FC8FA7E3BF4FCAA48636C2494037B68DF5C3BEE3BFE78D93C2BCC349400FED084C4CBCE3BF66B33401D0C3494030F31DFCC481E3BFF4311F10E8C34940A9E1B611AA6FE3BFCD8D8E50D8C34940F9591B199A61E3BF79DF9D21C1C34940780C8FFD2C56E3BF715AF0A2AFC349404AAB6BFEA942E3BF3DDA931BA0C34940E4EDADED921DE3BF8B4347BC86C349408C9DF0129CBAE2BF29E78BBD17C4494046836FF5F76DE2BF10093AB58EC4494046836FF5F76DE2BF10093AB58EC44940CCB96F10084FE2BF457EA257A8C54940E5D53906642FE2BFEEFB81BC68C64940AD799FF4CF1DE2BF10690A534AC74940859FEEF26302E2BFB8C4364EAFC74940F02197EE64A6E2BF5C44CA051DC849401C8D8D8A49C9E2BF292499D53BC84940A39EF47464DBE2BF373BAD365AC8494015A6947C9135E3BF816B38769AC8494047D565E7235FE3BF6EC905C2A9C8494057314BF1A7BCE3BF51ECB2A904C949405809CCF918E2E3BFAD6D8AC745C949400EDDEC0F941BE4BF9740A5A54DC94940BF7A81FEE7D5E4BF147B681F2BC94940A0B3BBF6BBA6E5BF6BFC789E2EC94940203FC0FFFB38E6BF51ECB2A904C94940A713BF18803CE6BFD076F12323C849407F390E171421E6BF022E235058C749404CC862F60D27E6BFE76B3B12D4C549400EAA6807B750E6BFE7AB3F1DEAC44940C00985083884E6BF20C1430713C349409032E202D028E6BF8B485EE7F0C24940FFAD090ED48EE5BF6B4A0DC8B9C249405A9654127E4EE5BFD8FCAEBE70C14940805C870F91FFE4BF0F67D9EE79C14940F6BF12FEFBC2E3BF3A68C06A76C04940F6BF12FEFBC2E3BF76E183AEAFC04940
406,36,Henley on Thames,1,1,51.535764,-0.902894,4,01030000000100000016000000B4B0A71DFE9AEDBFCA89761552C64940533F6F2A5261EDBF4A7B832F4CC64940A96A82A8FB00EDBF58C51B9947C6494091D5AD9E93DEECBFAE9E93DE37C649402DB29DEFA7C6ECBF040473F4F8C549407BA01518B2BAECBF60E5D022DBC549404A24D1CB2896ECBF350708E6E8C549409AEB34D25279ECBF29E8F692C6C449406DA818E76F42ECBFCFF753E3A5C3494050DF32A7CB62ECBFDDEA39E97DC34940E8305F5E807DECBF825660C8EAC2494015747B4963B4ECBFBAA0BE654EC34940C5AC174339D1ECBF57CF49EF1BC34940BE9F1A2FDD24EDBF895E46B1DCC249405166834C3272EDBF4278B471C4C24940FF959526A5A0EDBFAC90F2936AC349406440F67AF7C7EDBF32384A5E9DC34940E42CEC6987BFEDBFCE3637A627C44940E960FD9FC37CEDBF637AC2120FC449403B014D840D4FEDBF1BD82AC1E2C4494067F2CD3637A6EDBFCA15DEE522C64940B4B0A71DFE9AEDBFCA89761552C64940
416,37,West Drayton,1,1,51.510588,-0.474023,2.5,0103000000010000001200000000000000F0F2DCBFC874EC8405C2494000000000F079DDBFC874EC8405C24940000000003085DDBFDAB0BA87DEC24940000000007071DEBF9FC2CA87D0C2494000000000707FDFBFEF56BD8521C2494000000000D0F2DEBFC7423C74DFC0494000000000F068DFBFAC3B084D81BF49400000000070D9DFBF3F638C31D2BE494000000000581FE0BF5027E7E55EBD49400000000030FBDFBF567728B8A8BC49400000000070ACDFBF66D9A2C8E7BC4940000000009041DFBFBFA63FE457BD4940000000009071DCBFC4A26FEC7ABD494000000000105BDCBFDA92811A54BE494000000000F0C5DCBF48E6FC4865BF4940000000005066DCBFD597508095C149400000000020F0DCBFC874EC8405C2494000000000F0F2DCBFC874EC8405C24940
422,38,Beaconsfield,1,1,51.6099171,-0.6470772,2.5,01030000000100000017000000000000008C14E4BF3A10D7D4B4CF494000000000F46FE4BFD19AB46695CF4940000000009C03E5BFF97D3B2AD3D04940000000000C39E5BF0795F7E374D04940000000008C4FE5BFC473D9A425CF4940000000002C28E5BF66B4CF282ACE4940000000006CBAE5BF99C8D22F1CCE494000000000BCD3E5BF24246ACF95CB4940000000003C36E5BF1291E9DC72CB494000000000C4EBE3BF46491643B5CB4940000000002CC0E3BFAA573D0A41CC49400000000064F1E3BF0DF7B5C4E1CC4940000000004CAFE3BFFA8441300FCD494000000000F48EE3BF2DF1BC7A82CD4940000000001CB2E3BFFA8F7DD7CBCD4940000000008CE7E3BF98C1B566ACCD4940000000005C17E4BFD721955CC1CD4940000000002440E4BFDDE25A9550CE494000000000A429E4BF637953CED8CE494000000000FCC2E3BF68765B66ABCE4940000000007CACE3BF0FF3329D33CF494000000000BC11E4BF5634D852B8CF4940000000008C14E4BF3A10D7D4B4CF4940
423,39,Gerrards-Cross,1,1,51.5868366,-0.5569089,2.5,0103000000010000000D00000000000000D4DDE1BFC65B4FFC6ECF4940000000007C17E2BFECED30E8A7CE4940000000008C7FE2BF98C1B566ACCD4940000000005CDCE2BF99FCAEB1E8C84940000000004413E2BFA24A4C858EC7494000000000EC98E1BFCA6D8E0492C74940000000009CCBE0BF7A664E1747C94940000000008CBDE0BF2FA40D4E99CB4940000000004405E1BF0DF7B5C4E1CC494000000000C448E1BF456A1A0461CF4940000000009C7FE1BFD4CED8D0BBCF4940000000009CD9E1BFA1A58EF083CF494000000000D4DDE1BFC65B4FFC6ECF4940
424,40,Staines-upon-Thames,1,1,51.434842,-0.50524,2.5,0103000000010000001A000000640795B88E71DCBFDE205A2BDABA494008228B34F10EDFBF76A73B4F3CBB4940CE716E13EE95DFBFD6C8AEB48CBC49404128EFE3680EE1BFEDD286C3D2BC494093C49272F7B9E1BFC1525DC0CBBC4940FC54151A8865E2BF46D3D9C9E0BC4940745FCE6C5768E2BF658C0FB397B94940F9D687F5462DE2BF26FF93BF7BB7494099F4F75278D0E1BF1B834E081DB6494033E202D0285DE1BFD90A9A9658B54940BB0B94145800E1BF280AF4893CB54940D0B52FA0176EE0BF240D6E6B0BB5494062669FC7284FE0BFEA95B20C71B44940E6046D72F824E0BFF92EA52E19B34940F2D24D621058DFBFA0353FFED2B2494035289A07B0C8DDBFD1B2EE1F0BB349405AF10D85CFD6DCBF081F4AB4E4B349409A94826E2F69DBBFD009A1832EB54940E94999D4D006DABF1F80D4264EB64940EFAD484C50C3D9BFE97C789620B74940083E062B4EB5D8BF028063CF9EB7494035B56CAD2F12D8BF43FF04172BB8494006651A4D2EC6D8BFFE2B2B4D4ABB4940A835CD3B4ED1DABFEEB25F77BABB494083DDB06D5166DCBFDE205A2BDABA4940640795B88E71DCBFDE205A2BDABA4940
424,41,Staines,1,1,51.434842,-0.50524,2.5,0103000000010000001A000000640795B88E71DCBFDE205A2BDABA494008228B34F10EDFBF76A73B4F3CBB4940CE716E13EE95DFBFD6C8AEB48CBC49404128EFE3680EE1BFEDD286C3D2BC494093C49272F7B9E1BFC1525DC0CBBC4940FC54151A8865E2BF46D3D9C9E0BC4940745FCE6C5768E2BF658C0FB397B94940F9D687F5462DE2BF26FF93BF7BB7494099F4F75278D0E1BF1B834E081DB6494033E202D0285DE1BFD90A9A9658B54940BB0B94145800E1BF280AF4893CB54940D0B52FA0176EE0BF240D6E6B0BB5494062669FC7284FE0BFEA95B20C71B44940E6046D72F824E0BFF92EA52E19B34940F2D24D621058DFBFA0353FFED2B2494035289A07B0C8DDBFD1B2EE1F0BB349405AF10D85CFD6DCBF081F4AB4E4B349409A94826E2F69DBBFD009A1832EB54940E94999D4D006DABF1F80D4264EB64940EFAD484C50C3D9BFE97C789620B74940083E062B4EB5D8BF028063CF9EB7494035B56CAD2F12D8BF43FF04172BB8494006651A4D2EC6D8BFFE2B2B4D4ABB4940A835CD3B4ED1DABFEEB25F77BABB494083DDB06D5166DCBFDE205A2BDABA4940640795B88E71DCBFDE205A2BDABA4940
431,42,Uxbridge,1,1,51.5452646,-0.4807298,2.5,010300000001000000180000002F1686C8E9EBDCBFC7832D76FBC049407192E68F696DDBBF7AA702EE79C049405B43A9BD88B6DBBFB6F292FFC9C14940AEB8382A3751DCBF299831056BC24940CC441152B7B3DBBF5187156EF9C449404A7F2F8507CDDBBF62F4DC4257C649406EE00ED4298FDBBF2383DC4598C8494046CD57C9C7EEDBBF5EF415A419C949402E3D9AEAC9FCDCBF1898158A74C9494089EFC4AC1743DDBFBC934F8F6DC9494057ED9A90D618DEBF88D9CBB6D3C84940BED87BF1457BDEBF84BBB376DBC74940DCD5ABC8E880DEBFDD24068195C749401BD5E940D653DFBF6EFB1EF5D7C7494010E6762FF7C9DFBF8A58C4B0C3C649401B4641F0F8F6DFBFF71DC3633FC54940B28174B169A5DFBFFA264D83A2C349403F36C98FF815DFBF7AE1CE8591C2494055850662D9CCDEBFC2F7FE06EDC14940C85F5AD427B9DEBF71AE6186C6C149405B785E2A36E6DDBF25B37A87DBC149402C64AE0CAA0DDDBF34BC5983F7C14940912C6002B7EEDCBFB1C398F4F7C049402F1686C8E9EBDCBFC7832D76FBC04940
